,elem,model,a,cohesive-energy,c11,c12,bulk,shear,volume,bulk*volume,shear*volume,formation-energy,migration-energy,relaxation-volume,edt11,spedt11,spedt33,spdst11,spdst33,ln_a,ln_cohesive-energy,ln_c11,ln_c12,ln_bulk,ln_shear,ln_volume,ln_bulk*volume,ln_shear*volume,ln_formation-energy,ln_migration-energy,ln_relaxation-volume,ln_edt11,ln_spedt11,ln_spedt33,ln_spdst11,ln_spdst33,ln_neg_spdst33,a-1
0,Ag,EAM_Dynamo_Ackland_Tichy_Ag__MO_212700056563_001,4.08600010991,2.96744390103,0.776260910472,0.583814296638,0.647963167916,0.0962233069166,68.217393561,44.2023584388,6.56410319767,1.02130088715,0.981080863996,3.76695792874,2.44084997342,0.614298559482,-5.91740524231,10.5094152049,-23.4309108179,1.40756652329,1.08770094287,-0.253266590475,-0.53817233193,-0.433921423881,-2.34108367501,4.22269956988,3.788778146,1.88161589487,0.0210771942509,-0.0191003926452,1.32626776027,0.892346328407,-0.487274215789,-100.0,2.35227154156,-100.0,3.15405612577,0.244738123617
1,Ag,EAM_Dynamo_Hale_Wong_pairHybrid_PdAgH__MO_104806802344_001,4.08997422159,2.85001360205,0.775465833633,0.585922900826,0.649103878428,0.0947714664035,68.4166353367,44.409503346,6.48394485725,1.10258801534,0.648653688544,5.41131067477,3.51250270356,3.43169457971,-1.8569109067,10.1576135516,-17.7442577803,1.40853866725,1.04732376692,-0.254291354547,-0.534567066618,-0.432162515875,-2.35628690233,4.22561600174,3.79345348586,1.8693290994,0.0976601576639,-0.432856312488,1.68849133242,1.25632880436,1.23305418574,-100.0,2.31822352791,-100.0,2.87606195825,0.24450031854
2,Ag,EAM_Dynamo_Hale_Wong_pairMorse_PdAgH__MO_108983864770_001,4.08997422159,2.85001360205,0.775467158276,0.585924244801,0.649105215959,0.0947714567372,68.4166353367,44.4095948554,6.48394419592,1.10258801556,0.64932990083,5.41130981611,3.51250865824,3.39646533544,-1.87739401466,10.1161128938,-17.7079631835,1.40853866725,1.04732376692,-0.254289646359,-0.534564772845,-0.432160455296,-2.35628700433,4.22561600174,3.79345554644,1.86932899741,0.0976601578611,-0.431814369657,1.68849117374,1.25633049964,1.22273528363,-100.0,2.31412948867,-100.0,2.87401443578,0.24450031854
3,Ag,EAM_Dynamo_Williams_Mishin_Ag__MO_131620013077_001,4.09000014519,2.84999997473,0.775438154309,0.585912974442,0.649088034397,0.0947625899334,68.4179362863,44.4092637816,6.48346084039,1.10259438923,0.648198599035,5.42023896234,3.51821256219,3.46742010704,-1.82448503741,10.1820934336,-17.7398108578,1.40854500555,1.04731898541,-0.254327048986,-0.534584008212,-0.432186925256,-2.35638056856,4.22563501666,3.7934480914,1.8692544481,0.0976659384884,-0.433558149593,1.69013990347,1.25795306581,1.24341083243,-100.0,2.32063063179,-100.0,2.87581131492,0.244498768827
4,Ag,EAM_Dynamo_Williams_Mishin_CuAg__MO_128703483589_001,4.09000014519,2.84999997472,0.775432667726,0.585907443129,0.649082517995,0.0947626122985,68.4179362863,44.4088863607,6.48346237056,1.1025943857,0.648508742843,5.42028568381,3.5182128699,3.44018919294,-1.84239392691,10.1533148999,-17.7193972206,1.40854500555,1.04731898541,-0.254334124473,-0.534593448759,-0.43219542399,-2.35638033255,4.22563501666,3.79343959267,1.86925468411,0.0976659352852,-0.433079793677,1.69014852325,1.25795315327,1.23552646782,-100.0,2.31780024329,-100.0,2.8746599277,0.244498768827
5,Ag,EAM_Dynamo_Wu_Trinkle_CuAg__MO_270337113239_001,4.09006921936,2.84999689782,0.722744326882,0.550417832135,0.60785999705,0.0861632473733,68.4214027839,41.5906336944,5.8954102537,1.10272376695,0.648695838355,5.85093777254,3.55655155455,3.73947689626,-1.55168547101,11.3182110082,-19.38607546,1.40856189396,1.0473179058,-0.324699747468,-0.597077594387,-0.497810691541,-2.45151155681,4.22568568188,3.72787499034,1.77417412507,0.097783270964,-0.432791334145,1.76660195139,1.26879141095,1.31894573433,-100.0,2.42641302214,-100.0,2.96455504856,0.244494639667
7,Al,EAM_Dynamo_Angelo_Moody_NiAlH__MO_418978237058_001,4.05000005648,3.35999999707,0.711631860751,0.387258926297,0.495383237781,0.162186467227,66.4301277792,32.9083717855,10.774067742,0.524445437532,0.179874914234,5.54029686368,2.74456980363,1.85252715696,-0.90522543351,3.4619143952,-5.03988006904,1.39871689506,1.2119409731,-0.340194550793,-0.948661749476,-0.702423598225,-1.81900857341,4.19615068519,3.49372708697,2.37714211178,-0.645413884141,-1.71549359058,1.71204808482,1.00962434269,0.616550737709,-100.0,1.24182172947,-100.0,1.61738228597,0.246913576804
8,Al,EAM_Dynamo_Cai_Ye_AlCu__MO_942551040047_001,4.04976352572,3.31831722205,0.562645242817,0.441431579214,0.481836133748,0.0606068318016,66.4184893713,32.0028281281,4.02541421384,0.717322476044,0.426153907198,4.28948806332,2.06683028038,2.03102293023,-1.03803005236,9.13712555518,-16.182244598,1.3986584907,1.1994577936,-0.575105968781,-0.817732244416,-0.730151194212,-2.80334765626,4.19597547211,3.4658242779,1.39262781585,-0.33222978211,-0.852954713457,1.45616739326,0.726016168175,0.708539572651,-100.0,2.21234584532,-100.0,2.78391462871,0.246927998054
9,Al,EAM_Dynamo_Ercolessi_Adams_Al__MO_123629422045_001,4.03208199832,3.36000000131,0.736146300578,0.388004508574,0.504051772575,0.174070896002,65.5523199953,33.04176309,11.4107510766,0.692982518706,0.609933692489,6.62295988428,3.33831470226,3.17399146695,-1.99896340594,5.91159947915,-8.94715882342,1.39428286745,1.21194097437,-0.306326402048,-0.946738319391,-0.685076292823,-1.74829261447,4.18284860234,3.49777230952,2.43455598788,-0.366750505643,-0.494405028561,1.89054238245,1.20546609948,1.15498993368,-100.0,1.77691643425,-100.0,2.19133603199,0.248010829248
10,Al,EAM_Dynamo_Landa_Wynblatt_AlPb__MO_699137396381_001,4.03103608609,3.35928012221,0.6735018907,0.355189062679,0.461293338686,0.15915641401,65.5013208912,30.2153230022,10.424955346,0.67195708454,0.589569879116,7.05685822998,3.25528170686,3.45709439845,-1.38819252527,6.40496504862,-8.81681229106,1.39402343624,1.21172670168,-0.395264475861,-1.03510506035,-0.773721128831,-1.8378678244,4.18207030872,3.40834917988,2.34420248432,-0.397560802789,-0.528362026393,1.95399994254,1.1802788178,1.24042846703,-100.0,1.85707347844,-100.0,2.17666038644,0.248075179344
11,Al,EAM_Dynamo_Mendelev_Asta_AlMg__MO_658278549784_001,4.04527051002,3.41065698613,0.687707254073,0.383029872737,0.484588999849,0.152338690668,66.1976702881,32.0786628372,10.084466417,0.65839109736,0.638306281579,5.50634314432,2.66831383549,2.39858159848,-2.01460872437,5.46627528035,-9.01851156604,1.39754842343,1.22690493729,-0.374392034401,-0.959642296142,-0.724454170303,-1.88164900887,4.1926452703,3.4681911,2.31099626143,-0.417956151339,-0.44893704566,1.70590072667,0.981446750631,0.874877562012,-100.0,1.69859744854,-100.0,2.19927930561,0.247202256938
12,Al,EAM_Dynamo_Mendelev_Kramer_Al__MO_106969701023_001,4.04525974393,3.41065695372,0.662145615725,0.371539251337,0.468408039466,0.145303182194,66.1971417538,31.0072733871,9.61865534897,0.658352790344,0.638500606147,5.59302959619,2.61982028996,2.371697526,-2.02641127046,5.68925208048,-9.44501337707,1.39754576203,1.22690492779,-0.412269783903,-0.990100764048,-0.758415483729,-1.92893280779,4.19263728609,3.43422180236,2.26370447829,-0.418014335799,-0.44863265418,1.72152110747,0.963105723804,0.863605954456,-100.0,1.73857879494,-100.0,2.24548691726,0.247202914844
13,Al,EAM_Dynamo_Mendelev_Srolovitz_AlFe__MO_577453891941_001,4.03330182731,3.36970548336,0.728539861501,0.383494641054,0.498509714536,0.172522610223,65.6118327834,32.7081360311,11.3195246533,0.676879973832,0.724912974695,3.6502168233,1.81966862361,1.92759172565,-1.96423828177,4.18119339762,-7.0979928804,1.39458535249,1.21482534688,-0.316712937615,-0.958429632056,-0.696132202235,-1.75722697734,4.18375605748,3.48762385525,2.42652908014,-0.390261313026,-0.321703666236,1.29478656947,0.598654409573,0.656271413211,-100.0,1.43059670761,-100.0,1.95981205118,0.247935821026
14,Al,EAM_Dynamo_Mishin_Farkas_Al__MO_651801486679_001,4.05000466019,3.35999998818,0.710239505222,0.384178779277,0.492865687925,0.163030362972,66.4303543166,32.7412422794,10.8301647766,0.67507953031,0.631316836617,8.1897278498,4.03643422364,4.76212830673,-0.637138110169,7.52319690072,-9.03590659569,1.39871803178,1.21194097046,-0.342153034532,-0.956647263704,-0.707518580343,-1.81381881962,4.19615409535,3.488635515,2.38233527573,-0.392924772369,-0.459947424209,2.10288066774,1.39536168432,1.56069469158,-100.0,2.0179911674,-100.0,2.20120626164,0.246913296133
15,Al,EAM_Dynamo_Mishin_Mehl_NiAl__MO_109933561507_001,4.05152635892,3.36217731987,0.905419999681,0.487600618386,0.626873745484,0.208909690647,66.5052616168,41.6904024442,13.8935936308,1.26185049954,0.871033350385,0.118885271034,0.0745261398713,-0.901415476058,-7.88160290267,3.85221296309,-12.8540190964,1.39909368886,1.21258877597,-0.0993563548925,-0.718258613152,-0.467010121489,-1.56585322257,4.19728106659,3.7302709451,2.63142784402,0.232579293976,-0.138075013097,-2.12959635988,-2.59660534438,-100.0,-100.0,1.34864777878,-100.0,2.55365653259,0.246820558824
16,Al,EAM_Dynamo_Mishin_NiAl__MO_101214310689_001,4.04999986638,3.36000002258,0.729057073302,0.375197261696,0.493150532231,0.176929905803,66.4301184249,32.7600482574,11.7534745954,0.708114226003,0.644285935914,6.84483118404,3.37553216169,2.89308133689,-1.67439003498,5.22894254272,-7.67863051606,1.39871684813,1.2119409807,-0.316003260186,-0.980303360129,-0.706940812335,-1.73200163725,4.19615054438,3.48920973204,2.46414890712,-0.34514986214,-0.43961265155,1.92349379577,1.21655298943,1.06232214067,-100.0,1.65420906695,-100.0,2.03844121304,0.246913588393
17,Al,EAM_Dynamo_PurjaPun_Mishin_NiAl__MO_751354403791_001,4.04999999459,3.35999998785,0.710194117022,0.384090563157,0.492791747779,0.163051776932,66.4301247338,32.7362172727,10.8315498797,0.67509459178,0.631328227985,8.18936032261,4.03565117165,4.76094581413,-0.6383696861,7.52202644026,-9.03506745136,1.39871687978,1.21194097036,-0.342216942059,-0.956876912646,-0.707668612482,-1.81368747872,4.19615063935,3.48848202687,2.38246316062,-0.392902461957,-0.459929380549,2.10283579013,1.39516766953,1.56044634895,-100.0,2.0178355751,-100.0,2.20111338958,0.246913580577
18,Al,EAM_Dynamo_Sturgeon_Laird_Al__MO_120808805541_001,4.05001022851,3.39000193282,0.590292918813,0.425514733916,0.480440795548,0.0823890924484,66.4306283207,31.9159839191,5.47315917811,0.885364783456,0.552859421553,3.33243696444,1.60103863701,1.78802713877,-1.97625464995,7.98482971912,-14.8597028034,1.39871940667,1.22083049155,-0.52713639272,-0.854455704269,-0.733051272423,-2.49630222403,4.19615822002,3.4631069476,1.69985599599,-0.121755534203,-0.59265152035,1.2037038575,0.470652566773,0.581112854918,-100.0,2.07754345634,-100.0,2.69865303932,0.246912956654
19,Al,EAM_Dynamo_Vailhe_Farkas_CoAl__MO_284963179498_001,4.04969652717,3.36845804878,0.590117871133,0.490052274805,0.523407473581,0.0500327981638,66.4151929797,34.7622083649,3.32293794536,0.631973530789,0.301811957355,6.56546803812,3.43641509764,2.99022766696,-0.783007301915,13.6725421718,-24.0350783778,1.39864194675,1.21445508736,-0.527432980455,-0.713243210292,-0.647395010079,-2.99507652533,4.19592584024,3.54853083016,1.20084931492,-0.458907767375,-1.1979511133,1.88182379815,1.23442880522,1.0953495273,-100.0,2.61538960066,-100.0,3.17951436233,0.246932083254
20,Al,EAM_Dynamo_Winey_Kubota_Al__MO_149316865608_001,4.02484538405,2.64597961716,0.709997862197,0.385160605182,0.493439690853,0.162418628508,65.2000012886,32.1722684795,10.589694788,0.662999430355,0.429519828132,7.93519992912,3.91554290972,3.61415766677,-1.66260210975,6.66804390935,-9.57627897147,1.39248649623,0.973041362398,-0.342493319942,-0.954094875364,-0.706354634561,-1.81757815027,4.1774594887,3.47110485414,2.35988133842,-0.410981147989,-0.845087373008,2.07130854952,1.36495399409,1.28485881788,-100.0,1.89732654995,-100.0,2.25928910019,0.248456749162
22,Al,EAM_Dynamo_Zope_Mishin_Al__MO_664470114311_001,4.04999993669,3.3600000229,0.72909339901,0.375214894048,0.493174395702,0.176939252481,66.4301218847,32.7616352169,11.7540961085,0.708114326604,0.644286357433,6.84478994581,3.375675143,2.89337822674,-1.67406958203,5.22885422699,-7.67797041687,1.39871686549,1.21194098079,-0.315953435825,-0.980256366348,-0.706892423675,-1.73194881164,4.19615059646,3.48925817278,2.46420178482,-0.34514972007,-0.439611997308,1.92348777102,1.21659534669,1.06242475604,-100.0,1.65419217702,-100.0,2.0383552436,0.246913584107
23,Al,EAM_Dynamo_Zope_Mishin_TiAl__MO_117656786760_001,4.04999945569,3.36000002859,0.729097949155,0.375238812769,0.493191858231,0.176929568193,66.4300982159,32.7627835815,11.7534485924,0.70811394614,0.644286241311,6.84406401314,3.37543633906,2.89297055606,-1.6744893228,5.22878949093,-7.67877502493,1.39871674672,1.21194098248,-0.315947195018,-0.980192621654,-0.706857015876,-1.73200354541,4.19615024016,3.48929322429,2.46414669475,-0.345150257363,-0.439612177542,1.92338170916,1.21652460162,1.06228384829,-100.0,1.6541797964,-100.0,2.03846003248,0.246913613431
24,Au,EAM_Dynamo_Ackland_Tichy_Au__MO_104891429740_001,4.0780001097,3.78904529321,1.16431874584,0.980612830823,1.04184813583,0.0918529575079,67.817488025,70.6555234754,6.22923684585,0.960615550426,0.90187998199,4.22109943752,4.39774481909,0.548688107487,-6.03659975417,11.4222021689,-24.4246574908,1.40560669905,1.33211408584,0.152136148454,-0.0195775651849,0.0409961897427,-2.38756626852,4.21682009716,4.2578162869,1.82925382864,-0.0401810016393,-0.103273825433,1.44009562433,1.48109186841,-0.600225109132,-100.0,2.43555902004,-100.0,3.19559317494,0.245218237641
26,Co,EAM_Dynamo_PurjaPun_Mishin_Co__MO_885079680379_001,3.56422199671,4.38487850807,1.72124968126,0.992166766795,1.23519440495,0.364541457234,45.2787301415,55.9280341341,16.5059742675,1.56050432152,0.953152962999,3.63058482757,4.48447910355,3.77952795523,-4.52567315014,4.06996627456,-7.32133511999,1.27094579631,1.47816191918,0.543050585884,-0.00786407413784,0.211228370608,-1.00911499673,3.81283738892,4.02406575953,2.80372239219,0.445009052044,-0.047979881388,1.28939374482,1.50062234686,1.32959912227,-100.0,1.40363471307,-100.0,1.99079270478,0.280566137834
27,Co,EAM_Dynamo_Vailhe_Farkas_CoAl__MO_284963179498_001,3.54226684102,4.38311604891,1.4868510568,1.03405907235,1.18498973384,0.226395992224,44.447140018,52.6694046197,10.0626543659,1.44446821891,1.16950907103,0.681279405669,0.807309168463,2.70659848331,-4.60872221122,5.46077432125,-10.6952564394,1.26476687278,1.47775989814,0.396660498911,0.0334919043894,0.16973411112,-1.485469635,3.79430061834,3.96403472946,2.30883098334,0.367741239234,0.15658406334,-0.383782769652,-0.214048575699,0.995692674294,-100.0,1.69759059678,-100.0,2.36980031975,0.282305101473
28,Co,EAM_Dynamo_Zhou_Johnson_Co__MO_924630542818_001,3.54909817846,4.40234003467,1.32959628452,0.956325122976,1.08074884349,0.186635580771,44.7047880428,48.3146479757,8.3435040796,1.82514984431,0.783884939436,0.850633040017,0.919320105983,11.9945046933,-4.92224924657,17.0670012496,-28.253279417,1.26669353698,1.48213622562,0.284875350678,-0.0446573369527,0.0776541744649,-1.67859732937,3.80008061094,3.8777347854,2.12148328156,0.601662090138,-0.243493030326,-0.161774453727,-0.0841208973811,2.48444860267,-100.0,2.83714684766,-100.0,3.34120953641,0.281761717968
29,Cu,EAM_Dynamo_Ackland_Tichy_Cu__MO_179025990738_001,3.61500009724,3.5193530264,1.05438711717,0.757871763341,0.856710214619,0.148257676917,47.2416371873,40.4723931336,7.00393538312,1.18817394797,0.975530924488,2.5918602207,2.22047303099,1.78411359341,-4.59282859553,7.03587948195,-14.4704123401,1.28509188251,1.2582771734,0.0529596665332,-0.277241085303,-0.154655556868,-1.90880345886,3.85527564753,3.70062009066,1.94647218867,0.172417631071,-0.0247734182544,0.952375849836,0.797720250209,0.578921705566,-100.0,1.95102269796,-100.0,2.67210603644,0.27662516545
30,Cu,EAM_Dynamo_Bonny_Pasianot_FeCuNi__MO_469343973171_001,3.61492507696,3.54021833022,1.06027297463,0.765101946905,0.863492289478,0.14758551386,47.2386961024,40.7902498495,6.97174723837,1.27228361188,0.688862808529,3.53014061875,3.04824925037,3.73377062264,-1.66630021469,6.84472082801,-11.4499917591,1.2850711298,1.26418840045,0.0585263982018,-0.267746190107,-0.146770310818,-1.91334751621,3.85521338939,3.70844307857,1.94186587318,0.240813405383,-0.372713144589,1.26133770549,1.11456740954,1.31741861384,-100.0,1.9234776731,-100.0,2.43798901027,0.276630906232
31,Cu,EAM_Dynamo_Cai_Ye_AlCu__MO_942551040047_001,3.61472814006,3.52456766552,1.05064754452,0.792582267285,0.878604026365,0.129032638619,47.2309759959,41.4973256792,6.09433745733,1.27426192295,0.651050370747,2.51019419405,2.20546737678,2.50052209851,-2.48687951623,6.75998363375,-12.5661081198,1.28501664948,1.25975778066,0.0494066831533,-0.232458971318,-0.129420964746,-2.04768989407,3.85504994844,3.72562898369,1.80736005437,0.242367127034,-0.429168265347,0.920360118299,0.790939448697,0.916499549473,-100.0,1.91102046901,-100.0,2.5310033581,0.276645977582
32,Cu,EAM_Dynamo_Hoyt_Garvin_PbCu__MO_119135752160_001,3.61503431848,3.5400530514,1.0565415958,0.778678651233,0.871299632755,0.138931472284,47.2429788326,41.1627901071,6.5635366043,1.28400307269,0.673206515755,3.11844322606,2.71709864167,3.53829044032,-1.57231279051,6.83276888894,-11.5597592993,1.28510134892,1.26414171331,0.05500092862,-0.250156832683,-0.137769351235,-1.97377447257,3.85530404676,3.71753469553,1.88152957419,0.249982598325,-0.395703137931,1.13733391129,0.999564635149,1.26364368404,-100.0,1.92172999245,-100.0,2.44753004117,0.276622546815
33,Cu,EAM_Dynamo_Mendelev_King_Cu__MO_748636486270_001,3.63902985156,3.42271916296,1.08681149388,0.793857525514,0.891508848303,0.146476984184,48.1899920405,42.9618043038,7.05872470193,1.10556931913,0.916558884844,3.51950586048,3.1376708646,4.60938077121,-0.887473550682,7.29287224744,-11.4706948727,1.29171712183,1.23043531206,0.0832481744079,-0.230851272735,-0.114839916542,-1.92088696742,3.87515136548,3.76031144894,1.95426439807,0.100360423222,-0.0871289640732,1.25832059921,1.14348076181,1.52809352504,-100.0,1.9868974667,-100.0,2.43979551106,0.274798515206
34,Cu,EAM_Dynamo_Mendelev_Kramer_CuZr__MO_600021860456_001,3.63908511817,3.28311623196,1.10643547794,0.802262507327,0.903653497532,0.152086485307,48.1921876845,43.5490389548,7.32938044417,1.04820040089,0.986879961827,3.55099348528,3.20886807301,3.9240289516,-1.83706629747,7.05248742822,-11.8876722377,1.2917323089,1.18879304208,0.101143566961,-0.220319408802,-0.101309291259,-1.88330593766,3.87519692669,3.77388763543,1.99189098902,0.047074789842,-0.0132068661676,1.26722741934,1.16591824972,1.36711891976,-100.0,1.95338038129,-100.0,2.47550191675,0.274794341854
35,Cu,EAM_Dynamo_Mendelev_Kramer_Cu__MO_945691923444_001,3.63908743858,3.28311620916,1.08899726004,0.797902917767,0.89493436519,0.145547171135,48.1922798717,43.128927394,7.01425000585,1.048194224,0.986675578684,3.5906305851,3.21337868236,3.91944590902,-1.84859264271,7.34873177881,-12.4662748701,1.29173294653,1.18879303514,0.0852573279108,-0.225768345867,-0.11100489838,-1.92725504467,3.87519883959,3.76419394121,1.94794379492,0.0470688969687,-0.0134139879234,1.27832783752,1.16732293262,1.36595029407,-100.0,1.99452775124,-100.0,2.52302698773,0.274794166636
36,Cu,EAM_Dynamo_Mendelev_Sordelet_CuZr__MO_120596890176_001,3.6390851295,3.28311623202,1.10657989415,0.802304897746,0.903729896549,0.152137498205,48.1921881346,43.5527211973,7.33183893581,1.04820044293,0.986882035921,3.55094258472,3.20909283702,3.92436967739,-1.8366567457,7.05037093489,-11.8832363884,1.29173231201,1.1887930421,0.10127408229,-0.22026657161,-0.101224750239,-1.88297057358,3.87519693603,3.77397218579,1.99222636244,0.0470748299478,-0.0132047645022,1.26721308507,1.16598829191,1.36720574659,-100.0,1.95308023032,-100.0,2.4751287001,0.274794340999
37,Cu,EAM_Dynamo_Mishin_Mehl_Cu__MO_346334655118_001,3.61500004445,3.53999996838,1.06031129109,0.765235061976,0.863593805015,0.147538114559,47.2416351176,40.7975834264,6.96994177392,1.27228743116,0.688847644969,3.53113770533,3.04946866414,3.73561157901,-1.6643095821,6.84715495062,-11.4529344332,1.28509186791,1.26412671821,0.0585625358539,-0.267572221797,-0.14665275381,-1.9136687328,3.85527560372,3.70862284991,1.94160687092,0.240816407284,-0.372735157283,1.26162011515,1.11496736696,1.31791154789,-100.0,1.92383323032,-100.0,2.43824597954,0.276625169489
38,Cu,EAM_Dynamo_Onat_Durukanoglu_CuNi__MO_592013496703_001,3.61500176721,3.54000010916,1.06244359155,0.765212527386,0.864289548775,0.148615532084,47.2417026579,40.8305098736,7.02085077705,1.22513887691,0.656045859617,3.75950060014,3.24929689096,3.43589453824,-1.60012994512,6.32542468759,-10.6177201522,1.28509234447,1.26412675798,0.0605715301046,-0.267601670162,-0.145847440423,-1.90639262939,3.8552770334,3.70942959297,1.94888440401,0.203054206481,-0.421524584529,1.32428612947,1.17843863169,1.23427731047,-100.0,1.84457717664,-100.0,2.36252431784,0.276625037661
39,Cu,EAM_Dynamo_Williams_Mishin_CuAg__MO_128703483589_001,3.61500003116,3.53999996869,1.0603435791,0.765265577595,0.863624911429,0.14753900075,47.2416345966,40.7990524943,6.96998356219,1.27228744402,0.688849810852,3.53097792707,3.04944051357,3.73541199259,-1.66444271048,6.84694771751,-11.4528061466,1.28509186423,1.2641267183,0.0585929868274,-0.267532345146,-0.14661673473,-1.91366272629,3.85527559269,3.70865885796,1.9416128664,0.24081641739,-0.372732013076,1.26157486574,1.11495813562,1.31785811842,-100.0,1.92380296429,-100.0,2.43823477828,0.276625170506
40,Cu,EAM_Dynamo_Wu_Trinkle_CuAg__MO_270337113239_001,3.49212758512,3.3206664741,0.745402115016,0.560825983039,0.622351360365,0.0922880659885,42.5863390019,26.5036660108,3.93021086401,0.842163553949,0.427298993682,3.50918582886,2.1839465144,2.40834330053,-0.985087102049,6.81240251529,-11.5725890516,1.25051117371,1.20016550799,-0.293831454516,-0.578344612239,-0.474250457686,-2.38284044173,3.75153352114,3.27728306345,1.36869307941,-0.171781039008,-0.850271291398,1.25538405298,0.781133567837,0.878939083951,-100.0,1.91874485021,-100.0,2.448639289,0.286358380565
42,Fe,EAM_Dynamo_Ackland_Bacon_Fe__MO_142799717516_001,3.68004467826,4.26183936265,1.16910136895,0.759224075531,0.895849840004,0.20493864671,49.8378471746,44.6472274176,10.2137009549,1.93746920273,1.46292931361,1.78962500318,1.60323540987,5.39024890254,-1.07748715115,6.46334854468,-9.31634064776,1.30292489294,1.44970084236,0.156235392975,-0.275458320478,-0.109982469333,-1.58504462898,3.90877467882,3.79879220948,2.32373004984,0.661382586756,0.380440804817,0.582006102477,0.472023718657,1.68459156243,-100.0,1.86614753407,-100.0,2.23176991724,0.271735831336
43,Fe,EAM_Dynamo_Ackland_Mendelev_FeP__MO_884343146310_001,3.6584048152,3.89240227798,0.529199577852,0.308697558993,0.382198231946,0.110251009429,48.9638185633,18.7138848842,5.39831042211,1.76462182552,0.441785443496,4.01764420458,1.53553668944,1.71760934013,13.4655246478,-12.846026758,40.4319997581,1.29702720956,1.3590265192,-0.636389644452,-1.17539325488,-0.961815873178,-2.20499560888,3.89108162869,2.92926575552,1.68608601982,0.567936404269,-0.816930936714,1.39069571209,0.428879954748,0.540933405464,2.60013268932,-100.0,3.69962154466,,0.273343178383
44,Fe,EAM_Dynamo_Hepburn_Ackland_FeC__MO_143977152728_001,3.65840365425,3.8924022781,0.528865250241,0.308427876831,0.381907001301,0.110218686705,48.9637719491,18.6996073175,5.39672264035,1.76462065143,0.441748291599,4.01524491896,1.53345008584,1.71775023641,13.4664645787,-12.8483468294,40.4489506687,1.29702689223,1.35902651923,-0.637021605013,-1.17626724958,-0.962578152106,-2.20528882581,3.89108067668,2.92850252457,1.68579185087,0.567935738919,-0.817015035137,1.39009834653,0.427520154868,0.541015432558,2.60020248965,-100.0,3.70004070173,,0.273343265126
45,Fe,EAM_Dynamo_Mendelev_Han_Fe_5__MO_942420706858_001,3.65829627514,4.01490489621,0.750819208444,0.463997003885,0.559604405405,0.143411102279,48.9594606163,27.3979298471,7.02133021398,1.70700727289,0.807709274026,3.26848724476,1.82905984008,3.53292669584,0.0372028456438,5.4729275215,-6.71485675036,1.29699754044,1.39001366,-0.286590390628,-0.76787718392,-0.580525163804,-1.94203993206,3.89099262132,3.31046745751,1.94895268926,0.534741704433,-0.213553094582,1.18432726159,0.603802086248,1.26212661975,-3.29137002483,1.69981366915,-100.0,1.90432249696,0.273351288357
46,Fe,EAM_Dynamo_Mendelev_Han_VFe__MO_249706810527_001,3.6584048152,3.89240227798,0.529199577852,0.308697558993,0.382198231946,0.110251009429,48.9638185633,18.7138848842,5.39831042211,1.76462182552,0.441785443496,4.01764420458,1.53553668944,1.71760934013,13.4655246478,-12.846026758,40.4319997581,1.29702720956,1.3590265192,-0.636389644452,-1.17539325488,-0.961815873178,-2.20499560888,3.89108162869,2.92926575552,1.68608601982,0.567936404269,-0.816930936714,1.39069571209,0.428879954748,0.540933405464,2.60013268932,-100.0,3.69962154466,,0.273343178383
47,Fe,EAM_Dynamo_Mendelev_Srolovitz_AlFe__MO_577453891941_001,3.6584030658,3.89240227845,0.530346162416,0.309040455126,0.382809024223,0.110652853645,48.9637483218,18.7437647173,5.41797847697,1.76462008698,0.441747201392,4.00216354023,1.53206379471,1.71602265709,13.4647504193,-12.7917389614,40.2964420384,1.29702673138,1.35902651932,-0.634225349003,-1.17428308792,-0.960219045432,-2.20135742298,3.89108019413,2.9308611487,1.68972277115,0.567935419049,-0.817017503077,1.38683509995,0.426615711908,0.540009204409,2.60007519058,-100.0,3.69626317817,,0.273343309093
48,H,EAM_Dynamo_Hale_Wong_pairHybrid_PdAgH__MO_104806802344_001,3.25366600156,1.76868210664,2.02266584856,1.00280655881,1.34275965539,0.509929644872,34.4444225095,46.2505808991,17.5642321381,1.12212757896,0.503170935469,1.54456046323,2.07397348188,0.597759660005,-6.08307522874,1.7791435382,-4.77159823028,1.17978236111,0.570234696732,0.704416368347,0.00280262777952,0.294726940538,-0.673482514012,3.53934708332,3.83407402386,2.86586456931,0.115226507376,-0.686825334665,0.434739380054,0.729466323749,-0.514566512163,-100.0,0.576132090194,-100.0,1.56268130754,0.307345621684
49,H,EAM_Dynamo_Hale_Wong_pairMorse_PdAgH__MO_108983864770_001,3.25366600156,1.76868210664,2.02266584856,1.00280655881,1.34275965539,0.509929644872,34.4444225095,46.2505808991,17.5642321381,1.12212757896,0.503170935469,1.54456046323,2.07397348188,0.597759660005,-6.08307522874,1.7791435382,-4.77159823028,1.17978236111,0.570234696732,0.704416368347,0.00280262777952,0.294726940538,-0.673482514012,3.53934708332,3.83407402386,2.86586456931,0.115226507376,-0.686825334665,0.434739380054,0.729466323749,-0.514566512163,-100.0,0.576132090194,-100.0,1.56268130754,0.307345621684
54,Ni,EAM_Dynamo_Ackland_Tichy_Ni__MO_977363131043_001,3.52422037167,4.45899743724,1.6305312099,0.941482472272,1.17116538481,0.344524368812,43.7712724444,51.2633991361,15.080270011,1.42138087116,0.810417307804,1.48369103523,1.737646657,1.51088060818,-5.11841901779,3.00807053866,-6.61289937907,1.25965924064,1.49492395091,0.488905857368,-0.0602995478699,0.157999308472,-1.06559045427,3.77897772193,3.93697703041,2.71338726766,0.351628843576,-0.210205969164,0.394532925788,0.552531701803,0.412692665067,-100.0,1.10129885617,-100.0,1.88902219295,0.283750700733
55,Ni,EAM_Dynamo_Angelo_Moody_NiAlH__MO_418978237058_001,3.52000034049,4.45000001259,1.53987497225,0.920503489276,1.12696065027,0.309685741488,43.6142206564,49.1515104719,13.5067022634,1.59191838816,0.867256248838,1.97301391209,2.22350898765,2.14213629065,-5.16312914869,3.844898128,-7.94974633928,1.25846108634,1.49290409901,0.431701226281,-0.0828344876848,0.119524318981,-1.17219723282,3.77538325902,3.894907578,2.6031860262,0.464939822392,-0.142420787811,0.679562278252,0.79908657308,0.761803597755,-100.0,1.34674710794,-100.0,2.07314002115,0.284090881611
56,Ni,EAM_Dynamo_Bonny_Pasianot_FeCuNi__MO_469343973171_001,3.5200009501,4.45026160979,1.5241129473,0.927144924228,1.12613426525,0.298484011534,43.6142433164,49.1154938516,13.0181543051,1.55992796224,0.977125201194,1.85944322721,2.09398281022,1.66797813621,-6.30896186251,4.16080680839,-9.20161667243,1.25846125952,1.49296288317,0.421412566918,-0.0756453888198,0.118790763507,-1.20903891028,3.77538377857,3.89417454208,2.56634486829,0.444639642147,-0.0231404865381,0.620277102703,0.739067903349,0.511612196064,-100.0,1.42570899979,-100.0,2.21937919388,0.284090832411
57,Ni,EAM_Dynamo_Bonny_Pasianot_FeNi__MO_267721408934_001,3.5200009501,4.45026160979,1.5241129473,0.927144924228,1.12613426525,0.298484011534,43.6142433164,49.1154938516,13.0181543051,1.55992796224,0.977125201217,1.85944322721,2.09398281022,1.66797890582,-6.30896231307,4.16080767235,-9.20161785242,1.25846125952,1.49296288317,0.421412566918,-0.0756453888198,0.118790763507,-1.20903891028,3.77538377857,3.89417454208,2.56634486829,0.444639642147,-0.0231404865145,0.620277102703,0.739067903349,0.511612657467,-100.0,1.42570920743,-100.0,2.21937932212,0.284090832411
60,Ni,EAM_Dynamo_Mishin_Farkas_Ni__MO_400591584784_001,3.51999947087,4.44999999835,1.54692399984,0.922590784518,1.13070185629,0.312166607663,43.6141883316,49.3146437073,13.6148932175,1.59970415481,1.29006878306,2.4474776897,2.76736816107,4.05645611789,-4.1372234294,4.76531002485,-8.3585760353,1.25846083929,1.49290409581,0.43626844294,-0.0805694965084,0.122838551678,-1.16421823478,3.77538251787,3.89822106954,2.61116428309,0.469818708905,0.25469553715,0.895057979836,1.01789674619,1.40030971507,-100.0,1.56136259792,-100.0,2.12328808188,0.284090951796
61,Ni,EAM_Dynamo_Mishin_Mehl_NiAl__MO_109933561507_001,3.45246419211,4.50133516406,3.96367701056,1.97071415861,2.63503510926,0.996481425977,41.1516780024,108.436116341,41.0068827772,0.564802387728,1.03350074779,3.44311320389,9.0727241212,8.08569196613,1.82889348963,1.80549673645,-1.33394895255,1.23908823466,1.50437405589,1.37717213246,0.678395994117,0.968896506102,-0.00352477876375,3.71726470399,4.6861612101,3.71373992523,-0.571279365249,0.0329518236881,1.23637606325,2.20527256316,2.09009607578,0.603711133502,0.590835754172,-100.0,0.288143680306,0.289648188759
62,Ni,EAM_Dynamo_Mishin_NiAl__MO_101214310689_001,3.52000003113,4.44999998517,1.50634351205,0.941370270458,1.12969468432,0.282486620797,43.6142091571,49.2707402457,12.3204305635,1.57145616119,1.18762638734,1.93500322019,2.18596215134,3.18431625535,-4.46557470753,4.70059736399,-8.83966943438,1.25846099845,1.49290409285,0.409685199019,-0.0604187306521,0.121947405351,-1.26412408953,3.77538299536,3.89733040071,2.51125890583,0.452002680709,0.17195668271,0.660108990663,0.782056075488,1.15823758948,-100.0,1.54768959936,-100.0,2.17924948165,0.284090906578
63,Ni,EAM_Dynamo_Onat_Durukanoglu_CuNi__MO_592013496703_001,3.51999998285,4.45,1.54167849915,0.923614527871,1.12963585163,0.30903198564,43.6142073625,49.2681722771,13.4781851033,1.47071314401,0.829726679405,2.15614275858,2.43565729212,2.17214158168,-4.2746206182,3.48371019856,-6.94686618358,1.25846098474,1.49290409618,0.432871757391,-0.0794604720124,0.121895325595,-1.17431049404,3.77538295421,3.89727827981,2.60107246017,0.385747415134,-0.186658934345,0.768320865409,0.890216655273,0.775713584884,-100.0,1.24809787487,-100.0,1.93829064905,0.284090910475
64,Ni,EAM_Dynamo_PurjaPun_Mishin_NiAl__MO_751354403791_001,3.52000003689,4.44999998574,1.50621171318,0.941268691448,1.12958303203,0.282471510867,43.6142093712,49.265870861,12.3197716163,1.57145610628,1.18762642881,1.93518050596,2.18594658459,3.18446309819,-4.46542314435,4.70089786601,-8.84007954248,1.25846100009,1.49290409297,0.409597699299,-0.0605266419532,0.12184856642,-1.26417757997,3.77538300027,3.89723156669,2.5112054203,0.452002645769,0.171956717622,0.660200606865,0.782048954225,1.15828370282,-100.0,1.54775352579,-100.0,2.17929587463,0.284090906114
66,P,EAM_Dynamo_Ackland_Mendelev_FeP__MO_884343146310_001,4.69809909031,1.88276100674,0.561590579734,0.466633409945,0.498285799875,0.0474785848946,103.697077658,51.6707812853,4.9233905049,1.13751218484,0.866885344634,3.61851078024,1.80305247966,2.17977484862,-2.8401747591,17.9606059679,-34.9048198271,1.54715797803,0.632739320079,-0.576982200389,-0.76221131899,-0.696581471242,-3.04747651393,4.6414739341,3.94489246286,1.59399742018,0.128843583734,-0.142848554737,1.28606255452,0.589481050655,0.779221591018,-100.0,2.88818080217,-100.0,3.5526249236,0.212852045216
70,Pd,EAM_Dynamo_Hale_Wong_pairHybrid_PdAgH__MO_104806802344_001,3.88485926986,3.91042460275,1.53948642554,1.2512788729,1.34734805711,0.144103776318,58.6308071408,78.9961040882,8.44892071756,1.24619748224,0.44993449559,8.08403418062,10.8920076879,10.4309329506,5.26735503905,8.12684593383,-9.78933432988,1.35708675919,1.36364596215,0.431448870895,0.224166126627,0.298138258344,-1.93722157009,4.07126027757,4.36939853591,2.13403870748,0.220096900778,-0.79865327217,2.08989102771,2.38802928064,2.34477571377,1.66152834644,2.09517289427,-100.0,2.28129345933,0.257409581798
71,Pd,EAM_Dynamo_Hale_Wong_pairMorse_PdAgH__MO_108983864770_001,3.88485926986,3.91042460275,1.53948642554,1.2512788729,1.34734805711,0.144103776318,58.6308071408,78.9961040882,8.44892071756,1.24619748224,0.44993449559,8.08403418062,10.8920076879,10.4309329506,5.26735503905,8.12684593383,-9.78933432988,1.35708675919,1.36364596215,0.431448870895,0.224166126627,0.298138258344,-1.93722157009,4.07126027757,4.36939853591,2.13403870748,0.220096900778,-0.79865327217,2.08989102771,2.38802928064,2.34477571377,1.66152834644,2.09517289427,-100.0,2.28129345933,0.257409581798
75,Ti,EAM_Dynamo_Ackland_Ti__MO_748534961139_001,4.17263842537,4.83910446052,0.958352275506,0.564283729646,0.695639911599,0.19703427293,72.6494380488,50.537848662,14.3144292047,1.44558922535,0.718829750676,3.61137301943,2.51221522483,5.73411263922,-0.649973210766,7.1280936434,-9.07235081822,1.42854855165,1.57672967479,-0.0425398488691,-0.572198087232,-0.362923120921,-1.62437759111,4.28564565494,3.92272253402,2.66126806383,0.368517006861,-0.330130735564,1.28408803783,0.921164923609,1.74643301136,-100.0,1.96404382748,-100.0,2.20523141668,0.239656518983
76,Ti,EAM_Dynamo_Zhou_Johnson_Ti__MO_723456820410_001,4.15481670467,4.86353262748,0.752131601982,0.547867379157,0.615955453432,0.102132111412,71.7225310483,44.1778841332,7.3251735318,1.63073889976,0.720825056878,3.46029410424,2.13138719721,8.61140137832,-1.90791667344,19.9288072335,-31.5697336648,1.42426831293,1.58176505195,-0.284843967708,-0.60172203016,-0.484580633921,-2.28148809383,4.2728049388,3.78822430488,1.99131684497,0.489033224839,-0.327358810699,1.24135358668,0.756773034035,2.1530870669,-100.0,2.99216628464,-100.0,3.4521988662,0.240684504536
77,Ti,EAM_Dynamo_Zope_Mishin_TiAl__MO_117656786760_001,4.14833717205,4.83853111188,0.905501958131,0.542360981153,0.663407973479,0.181570488489,71.3874952565,47.3590335599,12.9618623857,1.85898579803,0.771905987472,3.63891225644,2.41408381065,4.45988197238,-1.3142203086,6.57396277509,-9.32647281246,1.42270757251,1.57661118539,-0.0992658391749,-0.611823482346,-0.410365133429,-1.70611133434,4.26812271754,3.85775758411,2.5620113832,0.620031069136,-0.258892514259,1.29168480634,0.881319840653,1.49512230209,-100.0,1.88311681278,-100.0,2.23285689541,0.241060443866
79,Zr,EAM_Dynamo_Mendelev_Kramer_CuZr__MO_600021860456_001,4.54452466697,6.43877700905,0.681783985969,0.478576173554,0.546312111025,0.101603906208,93.8567248068,51.2750654631,9.53620986421,2.23923440456,0.960230268179,1.12020969421,0.61198473792,4.77082229034,-2.52495159292,13.3947549704,-22.5082400508,1.51392313844,1.86233861666,-0.383042407426,-0.736939888379,-0.604564834642,-2.28667329765,4.54176941531,3.93720458066,2.25509611765,0.806134023769,-0.0405821605967,0.113515894757,-0.49104793482,1.56251867796,-100.0,2.59486321021,-100.0,3.11388146665,0.220045015328
80,Zr,EAM_Dynamo_Mendelev_NiZr__MO_149104665840_001,4.54452412337,6.43877701077,0.687120643399,0.479876899491,0.54895814746,0.103621871954,93.8566911263,51.5233952875,9.72560602995,2.23923584541,0.960226675687,1.11215293763,0.610524725429,4.76786488547,-2.5282836594,13.153463344,-22.0517592531,1.51392301882,1.86233861692,-0.375245393154,-0.734225667366,-0.599733074513,-2.26700685219,4.54176905646,3.94203598194,2.27476220427,0.806134667225,-0.0405859018849,0.106297720215,-0.493436485959,1.56189859158,-100.0,2.57668509611,-100.0,3.09339238343,0.220045041649
81,Zr,EAM_Dynamo_Mendelev_Sordelet_CuZr__MO_120596890176_001,4.54452471793,6.43877700907,0.682095090538,0.478900399018,0.546631962858,0.10159734576,93.8567279641,51.3050874345,9.53559444283,2.23923442138,0.960228880745,1.12087924168,0.612707991071,4.77144610673,-2.52435545307,13.3951101174,-22.5103501716,1.51392314965,1.86233861666,-0.382586201917,-0.736262638436,-0.603979531424,-2.28673786859,4.54176944895,3.93778991752,2.25503158035,0.80613403128,-0.0405836054949,0.114113414542,-0.489866816948,1.56264942598,-100.0,2.59488972375,-100.0,3.11397521107,0.22004501286
82,Zr,EAM_Dynamo_Zhou_Johnson_Zr__MO_103270551167_001,4.53166143879,6.35176769941,0.646189738598,0.481838154765,0.536622016043,0.0821757919164,93.0619971759,49.9391165415,7.64744331526,1.82798753154,0.759914198722,2.08749895644,1.12019790948,10.4033071863,16.183380356,-4.06395843972,31.1049821137,1.51108863578,1.84873315202,-0.436662105325,-0.730146999813,-0.622461313053,-2.49889452253,4.53326590735,3.9108045943,2.03437138482,0.603215652186,-0.274549748493,0.735966677836,0.113505374593,2.34212375428,2.78398481169,-100.0,3.43736800294,,0.220669618308
