elem,model,a,cohesive-energy,c11,c12,bulk,shear,volume,bulk*volume,shear*volume,formation-energy,migration-energy,relaxation-volume,edt11,spedt11,spedt33,spdst11,spdst33,ln_a,ln_cohesive-energy,ln_c11,ln_c12,ln_bulk,ln_shear,ln_volume,ln_bulk*volume,ln_shear*volume,ln_formation-energy,ln_migration-energy,ln_relaxation-volume,ln_edt11,ln_spedt11,ln_spedt33,ln_spdst11,ln_spdst33
Ni,EAM_Dynamo_Mendelev_NiZr__MO_149104665840_002,3.51812114894,4.385508769552925,1.5417701702600433,0.9193637576819739,1.1268325618746637,0.3112032062890347,43.544406122504626,49.06725470633268,13.551158801275312,1.7581178963959436,1.035380577359103,-0.4488536340868464,-0.5057823953787124,2.968653297487462,-3.530521507843857,3.7179907847169464,-6.724018007881002,1.2579270826013393,1.478305644077332,0.432931217508634,-0.08407341591931171,0.11941065425489761,-1.167309183745646,3.773781247804018,3.8931919020589154,2.6064720640583716,0.5642438598107039,0.03476906672279934,-100,-100,1.0881084147923794,-100,1.3131834107369946,-100
Al,EAM_QuinticClampedSpline_Cai_Ye_AlCu__MO_246347493730_000,4.02881718309,3.3147771783345155,0.504697448822537,0.3788394491400914,0.4207921157009065,0.0629289998412228,65.39321387946947,27.516948820823846,4.115129545838183,0.7298699496024441,0.4227676023780521,0.5999425550005287,0.2524510448494731,-0.2241237006383502,-3.2836830076220083,7.117779433593714,-17.191832874854185,1.3934728299228345,1.1983904051900334,-0.6837961404881314,-0.9706427806953724,-0.8656163541863848,-2.7657481747648447,4.1804184897685035,3.314802135582119,1.414670315003659,-0.3148889119400441,-0.8609326542747657,-0.510921370015302,-1.3765379308484902,-100,-100,1.96259579947579,-100
Fe,EAM_Dynamo_Mendelev_Han_VFe__MO_249706810527_002,3.6584048152,3.8924022779800054,0.529199581304781,0.3086975784949379,0.38219824609821895,0.11025100140492153,48.963818563287944,18.713885577160067,5.398310029211382,1.7655825059393102,0.43699514454196686,3.9852788100803176,1.5231669961884997,1.9424574928369536,13.721807241751119,-12.688318492954437,40.73230581277272,1.2970272095646471,1.3590265192034265,-0.6363896379268706,-1.1753931917064806,-0.9618158361498141,-2.204995681658595,3.891081628693941,2.9292657925441272,1.6860859470353462,0.5684806676304404,-0.827833194836221,1.3826072746831606,0.42079171740195753,0.6639539203108165,2.618986336782708,-100,3.707021532205538
O,MEAM_2NN_Fe_to_Ga__MO_145522277939_001,6.7,1.6033360519536157e-18,4.011285276906367e-44,5.0848376872524593e-33,3.389891791515011e-33,-2.5424188436061732e-33,300.76300000000003,1.0195540248914293e-30,-7.646655186595236e-31,0,0,-422497.5663822727,-1.4322210322143345e-27,-1.4322210322143345e-27,-1.4322210322143345e-27,-140832.5221274242,-140832.52212742422,1.9021075263969205,-40.97444518283953,-99.92463238384266,-74.35904495972346,-74.76451006782767,-100,5.706322579190761,-69.05818748863692,-100,-100,-100,-100,-100,-100,-100,-100,-100
Cu,EAM_Dynamo_Cai_Ye_AlCu__MO_942551040047_002,3.61472814006,3.52456766552127,1.0506475518410168,0.7925822715098544,0.8786040316202418,0.1290326401655812,47.23097599591707,41.497325927371605,6.09433753035037,1.2758947320890783,0.6560952788300752,2.4402162696908443,2.1439838745873683,2.4124918671502265,-2.4800114473531236,6.616017840078451,-12.342373460880406,1.2850166494799133,1.259757780663269,0.04940669011731001,-0.23245896598812854,-0.12942095876416385,-2.047689882086386,3.85504994843974,3.725628989675576,1.8073600663533538,0.24364768315662977,-0.42144925846564624,0.8920866704964489,0.7626657219990065,0.8806601830958819,-100,1.889493654222962,-100
Al,EAM_QuinticClampedSpline_Ercolessi_Adams_Al__MO_450093727396_000,4.03208289279,3.3600000012959064,0.7360157724542743,0.3880322503351856,0.5040267577082153,0.17399176105954434,65.55236362134416,33.04014529617606,11.40557118809328,0.6949175083676318,0.6094887452681025,6.608142444543613,3.3306807355138384,3.132558693017999,-1.9472102433085006,5.817778488331741,-8.779949262973647,1.3942830892854183,1.2119409743607994,-0.30650373051783264,-0.9466668233925097,-0.685125921629126,-1.7487473311211694,4.182849267856255,3.497723346227129,2.4341019367350856,-0.3639621334581293,-0.49513479574712915,1.888302592364007,1.2031767081796239,1.1418501444100004,-100,1.7609184858404163,-100
Al,EAM_QuinticHermiteSpline_Ercolessi_Adams_Al__MO_781138671863_000,4.0320824704,3.360000001102998,0.7361028290854669,0.3880037378371993,0.5040367682532886,0.17404954562413377,65.55234302008616,33.04079112727524,11.409355517243352,0.6949166698458952,0.6094909890158442,6.607532662496291,3.3304394465405656,3.1315470351357844,-1.9485502098273724,5.815717068046414,-8.7781079697885,1.394282984528142,1.211940974303386,-0.3063854565809324,-0.9467403058042373,-0.6851060606881916,-1.7484152753334758,4.1828489535844255,3.497742892896234,2.4344336782509495,-0.36396334010817394,-0.4951311143934879,1.8882103107298391,1.203104261213713,1.1415271428723786,-100,1.760564091875694,-100
U,EAM_Dynamo_Smirnova_UMoXe__MO_679329885632_002,4.79967701437,3.877928674842528,3.615046677335859,1.6170404842497053,2.2830425486117565,0.9990030965430768,110.56967673542466,252.43527657322196,110.45944944245625,2.7468969593652073,2.1263811769816856,-1.1815368679768858,-2.6974989469144424,-0.09092951928399812,5.253807977623417,-0.6448369063029876,2.030198598956739,1.5685486269769444,1.3553011643982333,1.2851047676534693,0.48059761692330555,0.8255090045232472,-0.0009974006956678559,4.705645880930833,5.531154885454081,4.704648480235165,1.0104718961676034,0.7544215568786374,-100,-100,-100,1.6589531427506587,-100,0.7081336202668516
Pd,EAM_Dynamo_Hale_Wong_pairHybrid_PdAgH__MO_104806802344_002,3.88485926986,3.910424602748264,1.5394864255373257,1.2512788729009516,1.3473480571130763,0.14410377631818705,58.63080714082226,78.99610408815835,8.448920717575815,1.2471445083115376,0.45348772207742255,8.034323545310187,10.825030285407848,10.303463934163883,5.361764712928252,7.856988593396528,-9.289334370492497,1.3570867591892468,1.3636459621546315,0.43144887089458384,0.2241661266265797,0.2981382583434721,-1.9372215700869564,4.07126027756774,4.369398535911213,2.134038707480784,0.22085654475646233,-0.7907870834926235,2.0837228071339355,2.3818610716128474,2.3324801429857343,1.6792931583825568,2.061403402416702,-100
P,EAM_Dynamo_Ackland_Mendelev_FeP__MO_884343146310_002,4.69809909031,1.8827610067385467,0.5615905790480203,0.4666334107054223,0.4982858001529549,0.04747858417129902,103.69707765772773,51.67078131420397,4.923390429890158,1.1386953933581165,0.8801355767783532,3.4847851935070304,1.7364189410302922,2.0227929629491896,-2.9845275547742425,17.814073984269104,-34.918352686972455,1.547157978034296,0.6327393200789276,-0.5769822016106348,-0.762211317360304,-0.696581470683284,-3.0474765291608685,4.641473934102889,3.9448924634196043,1.59399740494202,0.1298832152989857,-0.12767931885574849,1.2484064048686412,0.551824912602128,0.7044792113513106,-100,2.8799888181541413,-100
H,EAM_Dynamo_Hale_Wong_pairHybrid_PdAgH__MO_104806802344_002,3.25366600156,1.7686821066369578,2.022665850941484,1.0028065201895608,1.3427596304402016,0.5099296653759615,34.4444225094845,46.25058003956156,17.564232844329666,1.1229340567764154,0.5039400864337318,1.6197337264666052,2.174912979825163,0.7434444574579473,-5.720763302692168,1.7624315610114953,-4.575901146430276,1.1797823611071174,0.5702346967324542,0.7044163695261455,0.002802589264869098,0.29472692195436534,-0.6734824738018922,3.539347083321352,3.8340740052757174,2.8658646095194595,0.1159449534412813,-0.6852978941006429,0.48226176935602033,0.776988654464468,-0.2964612200312016,-100,0.5666944243185825,-100
Al,IMD_EAM_Schopf_AlMnPd__MO_878712978062_002,4.21070026681,3.7262808682698365,0.35084846637961753,0.1899637202043076,0.2435919689294109,0.08044237308765496,74.65570199066339,18.185529439713036,6.00548183265373,0.4838077379974821,0.09863317509679939,7.814395001874088,1.903523613346592,1.487772771592933,-0.0821631443460887,4.572489375585933,-5.185652415875648,1.4376289680214425,1.3154106499798135,-1.0474008684502476,-1.6609221713473332,-1.4122607119599306,-2.5202142131745155,4.312886904064327,2.9006261921043968,1.792672690889812,-0.7260676867268361,-2.3163476125360147,2.055967545889424,0.6437067019888935,0.39728021748714504,-100,1.5200577777341882,-100
Cu,EAM_Dynamo_Foiles_Baskes_Universal3_Cu__MO_666348409573_001,3.61499994546,3.5400000022796085,1.043981495947136,0.7748982405798658,0.8645926590356225,0.13454162768363515,47.24163123677706,40.844767568185404,6.3559659610260475,1.2855910511397282,0.6763951107075976,3.0531667236231224,2.6397456309599727,3.426334416454668,-1.5564231341638446,6.853144954020658,-11.664387910314797,1.285091840523591,1.2641267277896402,0.04304176511480471,-0.25502356072730753,-0.14549679737495563,-2.0058816283187544,3.855275521570773,3.709778724195817,1.8493938932520184,0.25121857457354146,-0.3909778903877434,1.1161793220301464,0.9706825606069802,1.2314910064793685,-100,1.9247076642872782,-100
Ta,EAM_Dynamo_Li_Siegel_Ta__MO_103054252769_002,4.20391533216,7.951517224043363,1.8611086538456614,1.4384405282261097,1.579329903432627,0.21133406280977585,74.2953925937352,117.33693521055292,15.701147164881391,2.930657183346029,1.8459295311614934,3.753064327041903,5.927326849485297,15.296351556546838,7.121808812255418,9.100119183772218,-10.240211571861956,1.4360163129831611,2.073362756249117,0.6211723606122502,0.36355956024631486,0.45700064532654805,-1.5543151614377044,4.308048938949483,4.765049584276031,2.753733777511779,1.0752266925360376,0.6129829615500144,1.3225726601717012,1.779573327140682,2.7276143396057826,1.9631617398245815,2.208287510554864,-100
Pd,EAM_Dynamo_Hale_Wong_pairMorse_PdAgH__MO_108983864770_002,3.88485926986,3.910424602748264,1.5394864255373257,1.2512788729009516,1.3473480571130763,0.14410377631818705,58.63080714082226,78.99610408815835,8.448920717575815,1.2471445083115376,0.45348772207742255,8.034323545310187,10.825030285407848,10.303463934163883,5.361764712928252,7.856988593396528,-9.289334370492497,1.3570867591892468,1.3636459621546315,0.43144887089458384,0.2241661266265797,0.2981382583434721,-1.9372215700869564,4.07126027756774,4.369398535911213,2.134038707480784,0.22085654475646233,-0.7907870834926235,2.0837228071339355,2.3818610716128474,2.3324801429857343,1.6792931583825568,2.061403402416702,-100
Ni,EAM_Dynamo_Mendelev_Ni__MO_832600236922_002,3.51812109053,4.3855087695729775,1.541751927684911,0.9193413777168785,1.126811561039556,0.31120527498401623,43.54440395365204,49.06633779355167,13.551248206411367,1.7581179166804368,1.0353805185711655,-0.44886709771617345,-0.5057885190619007,2.9685935525572793,-3.5305732363352833,3.7179513448927235,-6.723978724628669,1.2579270659987272,1.4783056440819042,0.432919385211311,-0.08409775909937425,0.11939201703095005,-1.1673025363587808,3.7737811979961817,3.8931732150271317,2.606478661637401,0.5642438713483221,0.0347690099437363,-100,-100,1.0880882893262522,-100,1.3131728028480316,-100
Cu,EAM_Dynamo_Hoyt_Garvin_PbCu__MO_119135752160_002,3.61503431848,3.540053051404032,1.0565415656626576,0.778678729139125,0.8712996746469691,0.1389314182617663,47.242978832627706,41.16279208622217,6.563534052127572,1.2858990849674374,0.6772682712703946,3.0433204431784704,2.651643823700857,3.456901395906751,-1.5453993549759024,6.68551213740565,-11.31723630644119,1.2851013489211296,1.2641417133057156,0.055000900094820844,-0.25015673263317156,-0.13776930315599614,-1.9737748614104604,3.855304046763389,3.7175347436073927,1.8815291853529286,0.25145815070479505,-0.3896878197608496,1.1129491703915073,0.9751797585154048,1.2403726375089064,-100,1.8999428175530457,-100
Mn,MEAM_2NN_Fe_to_Ga__MO_145522277939_001,3.68578395844,2.9090040780409585,1.0047825568353488,0.7632142355002796,0.8437370092786359,0.12078416066753461,50.07138756392573,42.24708279361818,6.0478305203676,1.0778530184340975,0.43056286410734723,4.806444719827187,3.995168295323851,4.751458832889068,1.6447231786570113,5.383485673121006,-7.477205355090604,1.3044832461463036,1.06781078138247,0.004771156743681911,-0.2702165066369515,-0.169914433324429,-2.1137501223803064,3.913449738438911,3.7435353051144817,1.7996996160586043,0.07497111665468383,-0.8426619399740422,1.5699576673293705,1.3850857048200165,1.5584516936075115,0.4975720896049265,1.6833360590127342,-100
H,EAM_Dynamo_Hale_Wong_pairMorse_PdAgH__MO_108983864770_002,3.25366600156,1.7686821066369578,2.022665850941484,1.0028065201895608,1.3427596304402016,0.5099296653759615,34.4444225094845,46.25058003956156,17.564232844329666,1.1229340567764154,0.5039400864337318,1.6197337264666052,2.174912979825163,0.7434444574579473,-5.720763302692168,1.7624315610114953,-4.575901146430276,1.1797823611071174,0.5702346967324542,0.7044163695261455,0.002802589264869098,0.29472692195436534,-0.6734824738018922,3.539347083321352,3.8340740052757174,2.8658646095194595,0.1159449534412813,-0.6852978941006429,0.48226176935602033,0.776988654464468,-0.2964612200312016,-100,0.5666944243185825,-100
Pb,EAM_Dynamo_Hoyt_Garvin_PbCu__MO_119135752160_002,4.91013044565,2.0299992097479356,0.2686808511371419,0.2241882047831729,0.23901908690116258,0.02224632317698451,118.3802056409732,28.29512865947727,2.6335243124469745,0.3102897707769408,0.2238447514018327,24.24605739051011,5.795270659303325,4.815826738852042,3.155412541975898,18.38384365388704,-18.935001884461677,1.5913005087956824,0.7080354037668889,-1.314231030741454,-1.4952693799725905,-1.4312118687282467,-3.805578534497858,4.773901526387047,3.3426896576588008,0.9683229918891897,-1.1702486736627336,-1.4968025415129427,3.1882540223309985,1.7570421813616652,1.5719077312073781,1.149119245599083,2.9114722166036917,-100
Pb,EAM_Dynamo_Landa_Wynblatt_AlPb__MO_699137396381_002,4.9091222349,2.0300039202347677,0.2745494761920753,0.22934139152151853,0.2444107530783708,0.022604042335278393,118.307298601948,28.915575945969795,2.6742231861708547,0.31267164082417187,0.22123005925261455,23.095246845364812,5.644726698105799,4.411451175327027,2.754178742708768,17.48262270440822,-19.17614005363629,1.5910951549288774,0.7080377242019632,-1.2926237931371476,-1.472543592885727,-1.4089050547869002,-3.7896265243053757,4.773285464786633,3.364380409999732,0.9836589404812565,-1.162601709951253,-1.5085521268276394,3.1396268320854546,1.730721781567905,1.4842037000288468,1.0131193011447184,2.861207399270423,-100
Cu,EAM_Dynamo_Mendelev_King_Cu__MO_748636486270_002,3.63902985156,3.4227191629636278,1.0868118680498964,0.7938575016649332,0.8915089571265876,0.1464771831924816,48.18999204054795,42.96180954800746,7.058734292167572,1.1068956073274512,0.9201298010269047,3.5365119750499976,3.1528320813591577,4.692236286638401,-0.74742275852161,7.265884991871064,-11.302395065498008,1.2917171218280334,1.2304353120582683,0.08324851868884127,-0.23085130277733032,-0.11483979447581165,-1.920885608781108,3.8751513654841006,3.760311571008289,1.9542657567029926,0.10155934695586379,-0.08324053081831466,1.263140923618529,1.1483011223604485,1.5459092889943336,-100,1.983190105414874,-100
Pb,EAM_Dynamo_Zhou_Johnson_Pb__MO_116920074573_002,4.94935555464,2.019998061558366,4.693595167058098,0.2640568244953334,1.7405696053495883,2.2147691712813824,121.24000959978304,211.02667566167466,268.51863558745833,0.5927633485683994,0.31453101127639504,-4.712861332156282,-8.203063338127889,-9.338354855319867,-12.13846083983588,-1.7564044420215863,-2.388548467428648,1.5992573771231993,0.7030965517880817,1.546198848941344,-1.3315909546970464,0.5542124190523564,0.7951481864555777,4.797772131369598,5.351984550421954,5.592920317825175,-0.522960034562816,-1.1566726026904117,-100,-100,-100,-100,-100,-100
Ni,EAM_Dynamo_Mishin_Farkas_Ni__MO_400591584784_002,3.51999947087,4.4499999983485905,1.5469239998434943,0.9225903390774075,1.1307015593327698,0.3121668303830434,43.61418833160591,49.3146307555799,13.614902931206531,1.600445995888735,1.290190352275537,2.4383359763909476,2.7570300501873,3.9865934370007987,-4.216495361659568,4.748810331419548,-8.3901397431204,1.2584608392889718,1.4929040958070456,0.4362684429397244,-0.08056997932294604,0.12283828904431454,-1.1642175213144204,3.775382517866915,3.89822080691123,2.611164996552495,0.47028233783334794,0.254789767391206,0.8913158297641345,1.0141540315786686,1.3829370910403858,-100,1.5578941301338187,-100
Pb,MEAM_2NN_Fe_to_Ga__MO_145522277939_001,4.94974396005,2.0400000000244725,0.3461634002144645,0.28371993776730714,0.30453442524969293,0.031221731223578686,121.26855511687198,36.930449733377316,3.7862142337307145,0.5860197622964656,0.5541029853355077,8.318016640315495,2.5330243283038043,1.1210202744557258,-1.8493990443644788,16.009731811128,-31.559999490212704,1.5993358500003783,0.7129498078681213,-1.0608443604465887,-1.2597676619937315,-1.1889711432152192,-3.4666409130434666,4.7980075500011345,3.6090364067859153,1.331366636957668,-0.5344017659183656,-0.5904047154036072,2.118423841837533,0.9294139755149878,0.11423922997083079,-100,2.7731967755334024,-100
Al,EAM_CubicNaturalSpline_Ercolessi_Adams_Al__MO_800509458712_000,4.03208277684,3.360000001085944,0.7361043770576013,0.38802041145267585,0.504048399987651,0.17404198280246275,65.55235796610602,33.04156114823349,11.408862357797904,0.6949174648177844,0.6094950681900209,6.608247053041589,3.3308763695902415,3.1324756554879603,-1.9472588865155305,5.816253114742345,-8.777163551619003,1.3942830605285688,1.2119409742983105,-0.30638335365394226,-0.9466973339057613,-0.6850829837999891,-1.7484587283971365,4.1828491815857065,3.497766197785717,2.43439045318857,-0.3639621961272206,-0.49512442166037157,1.8883184224813014,1.20323544341926,1.1418236361658556,-100,1.7606562597007291,-100
Cu,EAM_Dynamo_Mendelev_Kramer_CuZr__MO_600021860456_002,3.63908511817,3.2831162319607663,1.1064354647789563,0.8022624798087704,0.9036534747988324,0.15208649248509293,48.19218768448563,43.54903785924294,7.329380790116712,1.048731056062688,0.9929765226828042,3.578722696094939,3.2339251402793674,4.147728061288333,-1.518440175934936,7.042655984596293,-11.585453774921405,1.2917323088950778,1.1887930420842638,0.10114355506560108,-0.22031944310347848,-0.10130931641508953,-1.8833058904645703,3.8751969266852337,3.7738876102701444,1.9918910362206634,0.04758091528708853,-0.00704825803337443,1.275005947948045,1.1736966131688107,1.422560729223098,-100,1.9519853695605616,-100
Fe,EAM_Dynamo_Ackland_Bacon_Fe__MO_142799717516_002,3.68004467826,4.2618393626526725,1.1691013695236252,0.7592240798196623,0.8958498430543166,0.20493864485198143,49.837847174642214,44.647227569568244,10.213700862311327,1.93798619440577,1.4658265418364635,1.7205628626808704,1.5413659065446539,5.274435579824033,-1.1480765949981269,6.3890866718187755,-9.280267778194517,1.3029248929386619,1.4497008423637405,0.1562353934640662,-0.2754583148294692,-0.10998246592816754,-1.5850446380459071,3.908774678815986,3.798792212887818,2.3237300407700787,0.6616493898135676,0.3824192757521864,0.5426514830368437,0.43266897561749756,1.6628716745518282,-100,1.8545913273160735,-100
Al,EAM_Dynamo_Angelo_Moody_NiAlH__MO_418978237058_002,4.05000005648,3.359999997072268,0.7116319090955741,0.38725874079151856,0.4953831302262037,0.16218658415202775,66.43012777923964,32.90836464060642,10.774075509297607,0.5249221884797156,0.18171735807252565,5.557211079052395,2.7529488367319375,1.8140564463816642,-0.8375725451443723,3.3507755764708436,-4.823851980852347,1.3987168950641267,1.211940973103764,-0.340194482858568,-0.9486622284963303,-0.702423815340351,-1.819007852484715,4.19615068519238,3.493726869852029,2.377142832707665,-0.6445052397946487,-1.7053027766484918,1.7150963779298962,1.0126726414370806,0.595565468288016,-100,1.2091918344058596,-100
Ni,EAM_Dynamo_Mishin_Mehl_NiAl__MO_109933561507_002,3.45246419211,4.501335164057344,3.963677013001226,1.970714159752232,2.6350351108352297,0.996481426624497,41.15167800244351,108.43611640622441,41.006882803866844,0.565730600951927,1.0328471856615624,3.4300339155743282,9.038259899496513,8.080634619598719,1.8898644729368936,1.79659761355521,-1.3097172997041646,1.239088234664614,1.504374055892461,1.3771721330777338,0.6783959946969803,0.968896506699705,-0.003524778113628932,3.717264703993842,4.686161210693546,3.713739925880213,-0.5696372841382533,0.03231924663056938,1.232570149051508,2.2014666668819527,2.0894704114782847,0.6365051190596526,0.5858946615003927,-100
Al,EAM_Dynamo_Cai_Ye_AlCu__MO_942551040047_002,4.04976352572,3.3183172220457946,0.5626452425571319,0.4414315735601025,0.4818361298924456,0.0606068344985147,66.41848937128273,32.00282787196141,4.02541439296669,0.7179608322997981,0.4334654136518431,4.344557576340472,2.0933647881300335,1.9354625415497715,-1.05632326481568,8.876351882320574,-15.80556745950159,1.3986584907026496,1.199457793601445,-0.5751059692433093,-0.8177322572235696,-0.730151202213915,-2.803347611762568,4.195975472107949,3.465824269894034,1.3926278603453806,-0.33134026253636634,-0.8359432699079032,1.468923929905929,0.7387727178758733,0.6603463374769468,-100,2.1833906485297554,-100
Ti,EAM_Dynamo_Ackland_Ti__MO_748534961139_002,4.17263842537,4.839104460522513,0.9583522714061519,0.5642837291411233,0.6956399098961329,0.19703427113251426,72.64943804883431,50.53784853829579,14.314429074138818,1.4461234390324842,0.721147435416895,3.649968472767048,2.5390636687823394,5.558027571738522,-0.6652821352800855,6.9334012602810695,-8.859052999325197,1.4285485516464536,1.5767296747909343,-0.042539853146762244,-0.572198088126227,-0.36292312336907934,-1.6243776002346624,4.28564565493936,3.9227225315702814,2.6612680547046983,0.36888648595237133,-0.3269116751998135,1.294718529959027,0.9317953787304434,1.7152432920382203,-100,1.9363504951470942,-100
Fe,EAM_Dynamo_Ackland_Mendelev_FeP__MO_884343146310_002,3.6584048152,3.8924022779800054,0.529199581304781,0.3086975784949379,0.38219824609821895,0.11025100140492153,48.963818563287944,18.713885577160067,5.398310029211382,1.7655825059393102,0.43699514454196686,3.9852788100803176,1.5231669961884997,1.9424574928369536,13.721807241751119,-12.688318492954437,40.73230581277272,1.2970272095646471,1.3590265192034265,-0.6363896379268706,-1.1753931917064806,-0.9618158361498141,-2.204995681658595,3.891081628693941,2.9292657925441272,1.6860859470353462,0.5684806676304404,-0.827833194836221,1.3826072746831606,0.42079171740195753,0.6639539203108165,2.618986336782708,-100,3.707021532205538
Mo,EAM_Dynamo_Zhou_Johnson_Mo__MO_271256517527_002,4.11924786073,6.656085983368108,1.1102087436186732,0.7236440014809871,0.8524989155268825,0.19328237106884305,69.89623365331906,59.58646338886808,13.50970976929537,3.2556025464780536,2.2839746887867083,4.016340202140892,3.4239256691531788,9.217121647484381,0.22115928626912867,10.188648462747835,-13.082894318304183,1.4156705886204386,1.8955316216097635,0.10454805495780264,-0.32345571818737123,-0.15958334193450305,-1.6436030967775972,4.247011765861315,4.087428423926812,2.603408669083718,1.1803773726543891,0.8259172097650678,1.3903710904900648,1.2307877492685002,2.2210628030891693,-1.508872084732621,2.3212742047528105,-100
Ca,IMD_EAM_Schopf_CaCd__MO_145183423516_002,5.67090640962,1.4406639524421403,1.3534329951663466,0.19041082696421374,0.5780848830315913,0.5815110841010664,182.3716971924905,105.42632123979367,106.05116334375657,0.7737915672296325,0.8247275285930253,1.1753977974447238,0.6794799081179387,0.7995103332166963,-3.214422801817068,0.8399425143143522,-2.611352841141345,1.7353489655664907,0.36510408540889144,0.3026443239826431,-1.6585712939337403,-0.5480345646360729,-0.5421252459822665,5.206046896699472,4.658012332063399,4.663921650717206,-0.25645273464324764,-0.1927022155701566,0.16160664131744432,-0.3864276144551209,-0.22375582219290546,-100,-0.1744218248266394,-100
Fe,EAM_Dynamo_Mendelev_Srolovitz_AlFe__MO_577453891941_002,3.6584030658,3.8924022784487224,0.5303461729184646,0.30904046778238936,0.38280903616108114,0.11065285256803764,48.96374832180219,18.74376530190285,5.417978424230879,1.7655808618527868,0.43698805395148943,3.9749394366485706,1.5216427174427667,1.9380239238992552,13.719206451634012,-12.637896494525695,40.596954906744955,1.2970267313779764,1.3590265193238449,-0.6342253291998741,-1.1742830469623349,-0.9602190142454706,-2.201357432717627,3.8910801941339295,2.930861179888459,1.6897227614163028,0.5684797364435469,-0.8278494207556433,1.3800095119269726,0.41979048644407857,0.6616688580256387,2.6187967818228253,-100,3.703693061497952
Ti,EAM_Dynamo_Zhou_Johnson_Ti__MO_723456820410_002,4.15481670467,4.863532627477535,0.7521316019818077,0.547867379157174,0.6159554534320519,0.10213211141231687,71.72253104830415,44.1778841331526,7.325173531798756,1.6310896044527698,0.7479892592439079,2.780603905288238,1.712728605425138,9.754179401173761,10.757365298142531,3.82250966536636,8.733723012769572,1.4242683129348241,1.581765051946273,-0.2848439677080895,-0.6017220301602595,-0.4845806339205935,-2.281488093834,4.272804938804472,3.7882243048838786,1.9913168449704721,0.48924826048222414,-0.29036666041034387,1.0226681362291368,0.5380877744640086,2.277695849693434,2.375590663982923,1.340907187363694,2.1671917408862837
Al,EAM_Dynamo_Ercolessi_Adams_Al__MO_123629422045_002,4.03208199832,3.3600000013137725,0.7361463005776098,0.38800450857385843,0.5040517725751089,0.17407089600187567,65.5523199952993,33.041763090041364,11.41075107658342,0.694916174059084,0.6094950827183552,6.607214998663296,3.330378397188516,3.1305568853850545,-1.9497146806803414,5.814565729007786,-8.777969920973632,1.3942828674471965,1.2119409743661167,-0.3063264020482726,-0.9467383193906581,-0.6850762928231405,-1.748292614465479,4.182848602341589,3.4977723095184485,2.4345559878761103,-0.36396405355628875,-0.4951243978236994,1.8881622335601191,1.2030859303259802,1.1412109073797874,-100,1.7603661020138,-100
Xe,EAM_Dynamo_Smirnova_UMoXe__MO_679329885632_002,6.66976841487,6.814877997250816,0.12392191274663074,0.06194995977358403,0.08260727743126627,0.030985976486523355,296.7100551700872,24.51040984408171,9.193850792815368,0.00312542333160392,0.15190262523709652,0.008589132347065171,0.0007095432479565403,-0.4867402212713948,-1.8279030441282886,3.445810819002605,-18.195639400237702,1.8975851389154696,1.9191081628973956,-2.088103647658313,-2.7814283202440158,-2.4936574978414288,-3.4742205482502744,5.692755416746409,3.19909791890498,2.2185348684961346,-5.7681855388552234,-1.8845155868628902,-4.757257555414079,-7.2508891076806075,-100,-100,1.2371592378763465,-100
Al,EAM_Dynamo_Landa_Wynblatt_AlPb__MO_699137396381_002,4.03103608609,3.359280122205089,0.6735018891327091,0.35518906062228045,0.4612933367924234,0.15915641425521435,65.5013208911548,30.215322878192072,10.42495536201636,0.6746031453648762,0.5881094117334199,7.043347281122568,3.2490492194899034,3.3950950114337743,-1.378624839249154,6.302458063443371,-8.694486696838354,1.3940234362383475,1.2117267016767201,-0.39526447818730903,-1.035105066136018,-0.7737211329353796,-1.8378678228603167,4.182070308715042,3.4083491757796627,2.3442024858547255,-0.3936306938026401,-0.5308422740166352,1.9520835232403229,1.178362405691916,1.2223317463138461,-100,1.8409397261019684,-100
Ni,EAM_Dynamo_Mishin_NiAl__MO_101214310689_002,3.52000003113,4.449999985170711,1.5063435120513817,0.9413703278753661,1.1296947226007046,0.2824865920880078,43.61420915713946,49.27074191522377,12.32042931141391,1.5723494404659446,1.1898336971488042,1.8848969272641725,2.1293572864967043,3.1361923901976865,-4.455861899837284,4.657964595716432,-8.779937419239541,1.2584609984537556,1.4929040928457245,0.4096851990194917,-0.06041866965846006,0.12194743923474874,-1.264124191157351,3.7753829953612668,3.897330434596016,2.511258804203916,0.4525709596769089,0.1738135470623331,0.633873138908481,0.7558201907588481,1.1430094495214722,-100,1.5385785706853958,-100
Cu,EAM_Dynamo_Mendelev_Kramer_Cu__MO_945691923444_002,3.63908743858,3.283116209154995,1.088997249333131,0.7979026898496387,0.8949342096774696,0.14554727974174614,48.19227987169908,43.128919899534445,7.0142552398787075,1.0487278184893851,0.9929568267839806,3.6141666569867414,3.2344412153111497,4.158617863228382,-1.509221232995913,7.335511596391541,-12.135268065049232,1.2917329465304133,1.1887930351378844,0.08525731808273995,-0.22576863151223717,-0.11100507214943894,-1.92725429847566,3.8751988395912402,3.7641937674418013,1.9479445411155802,0.04757782814832069,-0.007068093441072883,1.2848613053809461,1.1738561820628735,1.4251827746515133,-100,1.9927271564553592,-100
Mg,EAM_Dynamo_Mendelev_Asta_AlMg__MO_658278549784_002,4.49542591721,1.5166237373479101,0.3579150666309164,0.19634167115615855,0.2501994696477445,0.08078669773737891,90.84740682495799,22.72997300647737,7.339261995392575,0.8650117916068665,0.6158941107725024,-0.7133425748768265,-0.1784776699674651,0.2778847377774475,-2.1330283279895803,4.273381289634196,-10.64810086876324,1.5030604169853614,0.41648663884882003,-1.0274595647759772,-1.627898917211973,-1.3854968006648243,-2.5159429589715487,4.509181250956084,3.1236844502912597,1.9932382919845353,-0.14501214022771888,-0.48468022832137536,-100,-100,-1.2805488635782896,-100,1.4524053849847365,-100
Ti,EAM_Dynamo_Zope_Mishin_TiAl__MO_117656786760_002,4.14833717205,4.838531111882321,0.9055019860440946,0.542360842476948,0.6634078903326636,0.18157057178357328,71.3874952565057,47.359027624251475,12.961868331920865,1.860272395334567,0.7731317744441455,3.5555617713264827,2.358788331382656,4.3463019762947805,-1.3563728410502656,6.463292276914885,-9.24044774489736,1.4227075725146172,1.5766111853858367,-0.09926580834898749,-0.61182373803547,-0.4103652587614054,-1.7061108755963341,4.268122717543852,3.8577574587824466,2.5620118419475175,0.6207229261070926,-0.25730577345612465,1.2685130736475523,0.8581480682872485,1.469325363151322,-100,1.866138828361255,-100
Pt,EAM_Dynamo_Zhou_Johnson_Pt__MO_102190350384_002,3.92008088677,5.7699973742124095,103.98948366666026,1.6335356336712323,35.752184978000905,51.17797401649452,60.24001689232991,2153.7122270124783,3082.962019268851,1.5492784962239963,0.7278982195316386,-4.560743024005873,-163.05652830106163,-170.36127155505616,-181.67001093155994,-1.5866703105574271,-1.697154746788803,1.3661122879695873,1.7526716254440657,4.644289775438739,0.4907467661285171,3.576611385538131,3.9353092444947086,4.098336863908762,7.674948249446893,8.03364610840347,0.43778933625167316,-0.31759404889520876,-100,-100,-100,-100,-100,-100
Al,EAM_Dynamo_Mendelev_Asta_AlMg__MO_658278549784_002,4.04527051002,3.4106569861258027,0.6877068418213284,0.3830298439587489,0.4845888432462753,0.15233849893128973,66.19767028813652,32.07865247052641,10.084453724443156,0.6601741532666818,0.6398120758789656,5.621731044430062,2.724229817704259,2.4738067999979916,-1.8082530998947606,5.404628147681193,-8.64977239958846,1.3975484234338673,1.2269049372910152,-0.3743926338599318,-0.9596423712739054,-0.7244544934683774,-1.8816502674975557,4.192645270301602,3.4681907768332243,2.3109950028040465,-0.4152516101829767,-0.44658077718568756,1.7266396315018537,1.00218575246135,0.9057581787616851,-100,1.6872556508856746,-100
Cd,IMD_EAM_Schopf_CaCd__MO_145183423516_002,4.49738648236,0.7632499567373858,0.22583747360588174,0.08830879285669516,0.13415168643975736,0.0687643403745933,90.96632099692354,12.203285370957603,6.255239059656963,0.18671678108594708,0.1780024136147264,16.52038897243832,2.2162379531718877,1.9310058618714163,-0.5864550443004525,8.814642176529901,-9.490346747844136,1.5034964463594769,-0.2701697040492532,-1.4879396817542665,-2.4269155969788963,-2.008784130890548,-2.677069976919944,4.510489339078431,2.5017052081878823,1.8334193621584864,-1.6781623498494134,-1.7259581691486885,2.8045953133627535,0.7958111427104638,0.6580410391079615,-100,2.176414222459841,-100
Cu,EAM_Dynamo_Mendelev_Sordelet_CuZr__MO_120596890176_002,3.6390851295,3.283116232017917,1.106580078669166,0.8023044286924343,0.9037296453513449,0.1521378249883658,48.19218813461318,43.55270909159926,7.33185468423018,1.048731081401151,0.9929762587666146,3.578633752416461,3.234117453658783,4.147885407393959,-1.518298701061073,7.04057190726061,-11.581334467469734,1.2917323120084978,1.1887930421016712,0.10127424903279321,-0.22026715624220616,-0.10122502819560977,-1.882968425634761,3.8751969360254934,3.7739719078298837,1.9922285103907327,0.04758093944815695,-0.00704852381631967,1.2749810941688258,1.173756078880942,1.4225986639957917,-100,1.95168940369721,-100
Mg,EAM_Dynamo_Sun_Mendelev_Mg__MO_848345414202_002,4.49542424083,1.5166237398228928,0.3612183571546451,0.19720156270867167,0.2518738275239962,0.08200839722298672,90.84730519183898,22.882058478909094,7.4502418908102355,0.8650122185636173,0.6158950501156832,-0.7151945014193253,-0.1801389283954684,0.27430112492674896,-2.13627151755444,4.198648630807538,-10.498439899252476,1.5030600440773558,0.4164866404807229,-1.0182726360434569,-1.623528912358836,-1.3788270012836026,-2.5009336318025595,4.509180132232068,3.130353130948465,2.008246500429508,-0.14501164664294972,-0.4846787031526036,-100,-100,-1.293528779965148,-100,1.4347627189455814,-100
Al,EAM_Dynamo_Mendelev_Kramer_Al__MO_106969701023_002,4.04525974393,3.4106569537190836,0.6621455526867875,0.37153986611320006,0.4684084283043959,0.14530284328679374,66.19714175375724,31.007299127120728,9.618632914279859,0.6601473585589299,0.6397988612329909,5.771942783389264,2.7036269660008454,2.4345489131305746,-1.852200465861558,5.6326670068958204,-9.118418370579647,1.3975457620285794,1.226904927789409,-0.4122698791056489,-0.9900991093752983,-0.7584146536023662,-1.928935140209239,4.192637286085739,3.434222632483372,2.263702145876499,-0.4152921983389911,-0.44660143134796754,1.7530087280747697,0.9945941923032295,0.8897614880923369,-100,1.7285830434653975,-100
Ni,EAM_Dynamo_Onat_Durukanoglu_CuNi__MO_592013496703_002,3.51999998285,4.449999999999926,1.5416783538495902,0.9236148603583652,1.1296360248554402,0.3090317467456125,43.61420736251392,49.2681798322111,13.478174684163031,1.472134936826008,0.8302494681244887,2.138284298640068,2.4154817985479475,2.1434356597812094,-4.245465470958102,3.449725272236291,-6.887234076932552,1.2584609847378465,1.4929040961781321,0.432871663142954,-0.07946011202711314,0.1218954789404504,-1.1743112670847493,3.7753829542135398,3.8972784331539905,2.6010716871287904,0.3867136851447424,-0.18602905934639719,0.7600037778692541,0.8818987697108839,0.7624099901748862,-100,1.2382945966366756,-100
Al,EAM_Dynamo_Mendelev_Srolovitz_AlFe__MO_577453891941_002,4.03330182731,3.369705483359035,0.7285396870936994,0.38349449820316145,0.4985095611666741,0.172522594445269,65.6118327834224,32.7081259682051,11.319523618105187,0.6777851676893865,0.7261829361239658,3.5555389266807156,1.7724699736605865,1.881589948530809,-1.865184690200945,4.042635251883716,-6.816158783841335,1.3945853524933327,1.2148253468832144,-0.316713177008229,-0.9584300045537155,-0.6961325098912083,-1.7572270687967395,4.1837560574799975,3.4876235475887896,2.426528988683258,-0.3889249030681176,-0.3199533177663143,1.2685066485815217,0.5723740391737979,0.6321171367281027,-100,1.396896769394585,-100
Mg,EAM_Dynamo_Zhou_Johnson_Mg__MO_137404467969_002,4.52023798498,1.5489197786008277,108.93485244172228,0.1564381449451269,36.41590957720418,54.38920714838858,92.35999515301533,3363.3732320432227,5023.386908601516,0.6653408355594672,0.4127638558751874,-3.691944734286041,-134.44552589997306,-261.37398118008787,-262.0710275451986,-2.392479750118555,-2.398887698004457,1.5085646440023437,0.4375577709398683,4.690750019523952,-1.855094587097072,3.595005755449492,3.996165736170846,4.525693932007031,8.120699687456522,8.521859668177877,-0.40745583495142706,-0.8848796270901392,-100,-100,-100,-100,-100,-100
Ru,EAM_Dynamo_Fortini_Mendelev_Ru__MO_114077951467_002,3.85410562515,6.712386171551129,3.730694414756528,1.4065786108346072,2.1812838788085807,1.1620579019609605,57.24938664418611,124.87716415864243,66.52710213229474,1.9075771750914052,0.8862060767009039,3.773396922588117,8.23085013834658,9.652914809673538,2.0529669953894034,2.177995759607742,-1.0920424606376133,1.3491389762460957,1.9039545020079418,1.3165943865042204,0.34116023848767213,0.7799136386799966,0.15019248675880165,4.047416928738287,4.827330567418284,4.197609415497089,0.6458339421215565,-0.1208057632092215,1.3279756362409318,2.1078893068446316,2.267259922558037,0.7192860616237935,0.7784050775886449,-100
Zr,EAM_Dynamo_Mendelev_Kramer_CuZr__MO_600021860456_002,4.54452466697,6.4387770090509076,0.6817833166110308,0.47857614923480435,0.5463118716935464,0.1016035836881132,93.85672480675272,51.27504300020319,9.536179593595111,2.2401171048571276,0.9688739074344728,1.0171197099634797,0.5556657095498012,4.748155366001205,-2.447192289850647,13.236651970903921,-22.172248546507117,1.5139231384352105,1.8623386166550657,-0.38304338920073194,-0.7369399391942624,-0.6045652727282669,-2.286676471939017,4.541769415305632,3.937204142577365,2.255092943366615,0.8065281434545264,-0.03162080204516883,0.01697481905124858,-0.5875884073668008,1.5577561986217445,-100,2.5829896462430506,-100
W,EAM_Dynamo_Ackland_W__MO_141627196590_002,4.02877255618,8.604190119125109,3.0092956766827808,0.8614062299390605,1.5773693788536338,1.0739447233718602,65.39104083615761,103.14582546632253,70.22636326178531,3.604100032632076,3.612297536036902,1.8638319885613628,2.939951698051211,-8.216215686685537,-26.83042239739195,-0.15870943047349495,-8.82498716905241,1.3934617529354365,2.1522493077588827,1.1017060569222619,-0.14918907404667286,0.45575850937646295,0.0713385267657444,4.180385258806309,4.636143768182772,4.251723785572054,1.2820720953631417,1.2843440064802403,0.6226345773090332,1.0783931519813468,-100,-100,-100,-100
Ni,EAM_Dynamo_PurjaPun_Mishin_NiAl__MO_751354403791_002,3.52000003689,4.449999985738258,1.5062116464927595,0.9412686345215856,1.1295829718453103,0.28247150598558696,43.61420937124558,49.265868236255166,12.319771403466438,1.5723494217671106,1.1898336637804232,1.8851224896314305,2.129402505011968,3.1363532752078283,-4.455705349958304,4.658269888343455,-8.780350314448068,1.2584610000901193,1.492904092973263,0.4095976550232714,-0.060526702431509594,0.12184851314367093,-1.264177597250567,3.7753830002703577,3.8972315134140287,2.511205403019791,0.4525709477846198,0.1738135190177572,0.6339928000256181,0.755841426291012,1.1430607476765624,-100,1.5386441106044808,-100
Al,EAM_Dynamo_Mishin_Farkas_Al__MO_651801486679_002,4.05000466019,3.3599999881833527,0.7102394865077895,0.38417877888718815,0.49286568142738857,0.16303035381030065,66.4303543165633,32.74124184769583,10.830164167972947,0.6779865639129332,0.6302156644303984,8.067559406083952,3.976221522348174,4.73186679894966,-0.5834328195408629,7.435820372373385,-8.865764008053912,1.3987180317819832,1.2119409704582536,-0.34215306088074987,-0.9566472647197857,-0.7075185935268336,-1.813818875817014,4.19615409534595,3.4886355018191164,2.3823352195289362,-0.38862780847566714,-0.4616931936835234,2.0878510085467354,1.3803320021186127,1.554319796723682,-100,2.0063089130818663,-100
Cu,EAM_Dynamo_Mishin_Mehl_Cu__MO_346334655118_002,3.61500004445,3.5399999683805334,1.0603112910933192,0.7652350619760849,0.8635938050151631,0.14753811455861715,47.241635117647824,40.79758342638744,6.969941773923916,1.2742947762926562,0.6923994524241299,3.478412618668939,3.0039356047532317,3.6314767831345645,-1.6699327404329987,6.708351491801606,-11.257886392997118,1.285091867906717,1.2641267182136304,0.05856253585388827,-0.26757222179655693,-0.1466527538095911,-1.913668732795536,3.8552756037201505,3.7086228499105593,1.9416068709246146,0.24239290895174379,-0.36759224651787403,1.246576045660384,1.0999232971718675,1.2896393928547645,-100,1.9033532414852672,-100
Co,EAM_Dynamo_PurjaPun_Mishin_Co__MO_885079680379_002,3.56422199671,4.384878508067511,1.7212497025281932,0.9921668556644111,1.2351944712856717,0.36454142343189105,45.27873014150617,55.92803713762432,16.50597273697313,1.561920461803449,0.9542416319641063,3.6171566072533015,4.467890735546111,3.6900339016022747,-4.509876848046146,4.007147992456371,-7.239737240556065,1.2709457963078756,1.4781619191843371,0.543050598237586,-0.007863984566904658,0.21122842431144664,-1.0091150894585377,3.812837388923627,4.024065813235073,2.803722299465089,0.44591612938055974,-0.046838356623326145,1.2856882495867825,1.496916426016727,1.3056356454363225,-100,1.3880797644524852,-100
W,EAM_Dynamo_Zhou_Johnson_W__MO_524392058194_002,4.12219222005,8.596942781969645,1.352503889795637,0.8645141237153071,1.027177379075417,0.24399488304016492,70.0462222706289,71.9498950060787,17.090919810327495,3.906500827243147,2.8252370359765724,3.884325838159039,3.989892104627992,10.237269507634277,-1.4786371778002994,10.057647997410001,-13.95086118363959,1.4163851140956976,2.1514066495891004,0.30195760773853164,-0.14558763655406576,0.02681463178293586,-1.4106080250556978,4.249155342287093,4.275969974070029,2.838547317231395,1.3626420442153324,1.038592267618827,1.3569494393302441,1.383764189089527,2.326034934408934,-100,2.308333339862548,-100
Zr,EAM_Dynamo_Mendelev_NiZr__MO_149104665840_002,4.54452412337,6.438777010766218,0.6871206325705153,0.47987690186253623,0.5489581454318625,0.10362186535398951,93.8566911263263,51.52339509707923,9.725605410463166,2.2401180624547097,0.9688712939678213,1.0116298521379004,0.5553419528536072,4.745553288954657,-2.450012176351518,12.998507879630466,-21.721439184475976,1.513923018818733,1.8623386169214688,-0.3752454089131768,-0.7342256624233165,-0.5997330782078875,-2.2670069158854025,4.541769056456199,3.9420359782483114,2.2747621405707967,0.8065285709310076,-0.03162349947582126,0.011562745202209361,-0.5881712236988825,1.5572080298910036,-100,2.564834572384018,-100
Al,EAM_Dynamo_Mishin_Mehl_NiAl__MO_109933561507_002,4.05152635892,3.3621773198738474,0.9054199937052065,0.4876006150083729,0.6268737412406508,0.20890968934841683,66.50526161683635,41.69040216193445,13.893593544408471,1.2623133715267725,0.8751608450700146,0.09332067316619311,0.05850062304482541,-0.9917305299397423,-7.807370720442714,3.7020795586158304,-12.610327960369581,1.399093688863171,1.2125887759732996,-0.09935636149248121,-0.718258620078907,-0.4670101282589389,-1.565853228783836,4.197281066589513,3.730270938330574,2.6314278378056772,0.2329460467070051,-0.133347586580729,-2.3717136183294953,-2.838717874462145,-100,-100,1.3088947046323856,-100
Fe,EAM_Dynamo_Bonny_Pasianot_FeCuNi__MO_469343973171_002,3.65836487293,4.002044591326717,0.4245238873475433,0.25167081494027677,0.30928850574269895,0.08642653620363328,48.96221482766466,15.143450261901421,4.23163463241323,1.757441550492477,0.2242141880521576,4.476206390692889,1.3844390603975265,-0.8630597928106345,22.270709093125966,-37.231043981105394,96.60388800323244,1.2970162915580123,1.386805378360016,-0.8567870030882677,-1.379633335330671,-1.1734807621455654,-2.448460518341004,3.891048874674037,2.7175681125284714,1.4425883563330324,0.5638590869618706,-1.4951534873304952,1.498775899907821,0.32529504705707774,-100,3.103272321495463,-100,4.570618988889191
Ag,EAM_Dynamo_Ackland_Tichy_Ag__MO_212700056563_002,4.08600010991,2.967443901030152,0.7762612721772432,0.5838141631412436,0.6479631994865768,0.0962235545179998,68.21739356097305,44.202360592403096,6.564120088390139,1.0221418531897701,0.9886769108623293,3.8318579910280315,2.4829028721477915,0.847390675741154,-5.600625628486144,10.498702848012169,-23.00670856644052,1.4075665232945977,1.0877009428681175,-0.2532661245165413,-0.5381725605939048,-0.4339213751583041,-2.341081101821756,4.222699569883793,3.7887781947254893,1.8816184680620376,0.021900281748340567,-0.0113876833786103,1.3433498007131632,0.9094283886235165,-0.16559344422388345,-100,2.35125171124744,-100
N,MEAM_2NN_Fe_to_Ga__MO_145522277939_001,6.7,4.045181491371932e-18,-8.022570553812734e-44,-1.0169675374504919e-32,-6.779783583030021e-33,5.0848376872123465e-33,300.76300000000003,-2.0391080497828586e-30,1.5293310373190471e-30,0,0,-26748.74467964427,1.8135070004571388e-28,1.8135070004571388e-28,1.8135070004571388e-28,-8916.248226548087,-8916.24822654809,1.9021075263969205,-40.049005256311794,-100,-100,-100,-74.35904495973135,5.706322579190761,-100,-68.65272238054058,-100,-100,-100,-63.87712006390849,-63.87712006390849,-63.87712006390849,-100,-100
Cu,EAM_Dynamo_Onat_Durukanoglu_CuNi__MO_592013496703_002,3.61500176721,3.540000109157459,1.062443500847631,0.7652128034110541,0.8642897025565798,0.1486153487182884,47.24170265792757,40.830517138486606,7.020842114553598,1.2260770027197825,0.6595027624973004,3.7185948757065246,3.2139427715657245,3.4132375740136816,-1.5403264594407244,6.234813781352746,-10.43091782330422,1.2850923444653803,1.264126757981123,0.0605714447297407,-0.26760130944538935,-0.145847262494936,-1.9063938632148476,3.8552770333961406,3.7094297709012047,1.948883170181293,0.20381964363285066,-0.41626911805825567,1.3133458753460212,1.1674984611722636,1.2276612760615382,-100,1.830148712022429,-100
Co,EAM_Dynamo_Vailhe_Farkas_CoAl__MO_284963179498_002,3.54226684102,4.383116048913054,1.4868510570976248,1.0340590097541227,1.1849896922019567,0.22639602367175105,44.4471400180214,52.669402769212454,10.062655763661606,1.4449658919333346,1.172240194210716,0.5803322785933152,0.6876883346436006,2.520375182250759,-4.802795277763825,5.413433635696361,-10.759932540154173,1.2647668727793608,1.4777598981368238,0.39666049911071244,0.03349184385254422,0.16973407598551218,-1.4854694960946642,3.7943006183380827,3.964034694323595,2.3088311222434186,0.36808571708742766,0.15891661402249427,-0.5441544453564575,-0.3744195456566948,0.9244077722870692,-100,1.6888835746554098,-100
Ni,EAM_Dynamo_Zhou_Johnson_Ni__MO_110256178378_002,3.51961838224,4.4499972804611,90.59777369524501,0.888935703272925,30.791881700596957,44.854418995986045,43.600024347739044,1342.5267918587276,1955.6537603286802,1.7115364828478714,0.8750633409297552,-2.6846523158458613,-82.66549694036578,-126.46071956677476,-134.00703578298516,-1.368173852177295,-1.4522939499112546,1.2583525695964048,1.492903485045625,4.50642963984685,-0.11773037086115747,3.427251074086463,3.8034221119898035,3.7750577087892143,7.2023087828756776,7.578479820779018,0.5373914950611601,-0.13345900561051974,-100,-100,-100,-100,-100,-100
Ag,EAM_Dynamo_Hale_Wong_pairHybrid_PdAgH__MO_104806802344_002,4.08997422159,2.850013602052872,0.7754659169254473,0.5859231136491125,0.6491040480745575,0.09477140163816739,68.41663533669278,44.4095149526881,6.483940426225747,1.1044324392416156,0.653600307741238,5.3830372447395805,3.494151433720008,3.268431627967279,-1.9392495001492156,9.945323411467083,-17.529644103028325,1.4085386672451168,1.0473237669193007,-0.2542912471373642,-0.5345667033902439,-0.43216225452007556,-2.356287585716321,4.22561600173535,3.793453747215275,1.8693284160190293,0.09933157337122778,-0.42525926459612734,1.6832527585107788,1.2510905518488002,1.1843102453777146,-100,2.297102431783917,-100
N,MEAM_2NN_GaInN__MO_117938381510_001,6.7,4.045181491371932e-18,-8.022570553812734e-44,-1.0169675374504919e-32,-6.779783583030021e-33,5.0848376872123465e-33,300.76300000000003,-2.0391080497828586e-30,1.5293310373190471e-30,0,0,-26748.74467964427,1.8135070004571388e-28,1.8135070004571388e-28,1.8135070004571388e-28,-8916.248226548087,-8916.24822654809,1.9021075263969205,-40.049005256311794,-100,-100,-100,-74.35904495973135,5.706322579190761,-100,-68.65272238054058,-100,-100,-100,-63.87712006390849,-63.87712006390849,-63.87712006390849,-100,-100
Mg,MEAM_2NN_Fe_to_Ga__MO_145522277939_001,4.52709156275,1.541915136197115,0.3256252175701052,0.1812787916877948,0.22939426698189824,0.07217321294115521,92.78074068341529,21.283369999109635,6.6962841541822336,0.7900044589977226,0.5871051161156193,1.3928538242698998,0.3404019617294499,0.7656672710152193,-2.5765805993398887,7.211687010442937,-15.942664700737252,1.5100796941715247,0.43302523873503806,-1.1220081983131773,-1.7077191471715063,-1.4723130659596693,-2.628686313820655,4.530239082514574,3.0579260165549047,1.9015527686939189,-0.23571668923608413,-0.5325514017349776,0.3313547533761476,-1.077628119287039,-0.26700757565120414,-100,1.975702905958252,-100
Al,EAM_Dynamo_Mishin_NiAl__MO_101214310689_002,4.04999986638,3.360000022584535,0.7290570733018841,0.3751972616956687,0.49315053223107386,0.1769299058031077,66.43011842489408,32.76004825740978,11.753474595405798,0.7092833153228644,0.6449748523475523,6.927427352676268,3.4162644709143573,2.8810755796074705,-1.5902127951735632,5.151894748963663,-7.483867290487153,1.3987168481258547,1.2119409806967008,-0.31600326018627656,-0.980303360129182,-0.7069408123348737,-1.732001637253752,4.196150544377564,3.4892097320426902,2.4641489071238123,-0.34350023378745187,-0.43854395155488624,1.9354885108975943,1.2285476941573112,1.0581636895685897,-100,1.6393645594325947,-100
Zr,EAM_Dynamo_Mendelev_Sordelet_CuZr__MO_120596890176_002,4.54452471793,6.438777009067711,0.6820950823724966,0.4789004537475582,0.5466319966225376,0.10159731431246921,93.8567279641382,51.30509060349522,9.535591491312468,2.240117118643528,0.9688740388249706,1.0170843982736666,0.5559729666800564,4.748758220717473,-2.446594716490642,13.23691389152276,-22.174200514065873,1.5139231496487044,1.8623386166576754,-0.3825862138878472,-0.7362625241553039,-0.6039794696556187,-2.2867381781195277,4.541769448946114,3.937789979290495,2.255031270826586,0.8065281496088477,-0.03162066643362238,0.016940101109549775,-0.587035606992633,1.557883156651124,-100,2.583009433575079,-100
Fe,EAM_Dynamo_Zhou_Johnson_Fe__MO_650279905230_002,3.62842901039,4.1957100728082555,0.6894490858306987,0.6229824602684275,0.6451380021225179,0.033233312781135615,47.770071553757745,30.818288523440998,1.5875577295232601,1.690581638854142,0.9983785981054413,1.3832267944154726,0.8923720475219769,2.354401675018224,-0.6361774712338095,15.699317193844976,-29.29436587195641,1.2887997750937932,1.4340625920572576,-0.37186242663521984,-0.4732369142532408,-0.4382910282927544,-3.4042025091038406,3.8663993252813795,3.428108296988625,0.4621968161775392,0.5250726347262437,-0.0016227177891989643,0.3244190265234057,-0.11387213972699516,0.8562866293785243,-100,2.7536172205706086,-100
Ag,EAM_Dynamo_Hale_Wong_pairMorse_PdAgH__MO_108983864770_002,4.08997422159,2.8500136020537528,0.7754672415687052,0.5859244573674356,0.6491053854345255,0.09477139210063479,68.41663533669278,44.40960645035734,6.4839397736998565,1.1044324388329594,0.6536003051912611,5.383034355139095,3.4941558099818124,3.268435463761482,-1.9392441627708132,9.94532278402324,-17.529640050574116,1.4085386672451168,1.0473237669196096,-0.2542895389486513,-0.5345644100572947,-0.4321601942054091,-2.356287686353569,4.22561600173535,3.793455807529941,1.869328315381781,0.09933157300121309,-0.42525926849755896,1.6832522217132184,1.251091804301405,1.1843114189656578,-100,2.2971023686945795,-100
Co,EAM_Dynamo_Zhou_Johnson_Co__MO_924630542818_002,3.54909817846,4.402340034672365,1.3295962845167548,0.9563251229755033,1.0807488434892538,0.18663558077062575,44.70478804284727,48.31464797573941,8.343504079604527,1.8294601711471936,0.8017255459029462,2.7164140221179247,2.935761326011594,15.046839249160278,7.5455677262704866,10.568347308655945,-9.527690895626263,1.2666935369785424,1.482136225616757,0.2848753506782852,-0.044657336952682085,0.07765417446487316,-1.6785973293749095,3.8000806109356273,3.8777347854005004,2.121483281560718,0.6040209348915236,-0.22098894177463188,0.9993126362666782,1.0769668152174932,2.711167952471205,2.0209603347529033,2.3578634308601703,-100
Cu,EAM_Dynamo_Williams_Mishin_CuAg__MO_128703483589_002,3.61500003116,3.539999968687158,1.0603435790959816,0.7652655775954961,0.8636249114289912,0.1475390007502428,47.24163459661769,40.79905249426472,6.9699835621930735,1.2742947794244053,0.6923994262809714,3.478246629547251,3.003900479527793,3.631378884455116,-1.6700313392917576,6.708252313860904,-11.257879658330332,1.2850918642303684,1.2641267183002474,0.058592986827423664,-0.2675323451462293,-0.14661673473043768,-1.9136627262868664,3.8552755926911053,3.7086588579606676,1.941612866404239,0.24239291140937694,-0.3675922842752104,1.2465283247311862,1.099911604034789,1.2896124341255992,-100,1.9033384571267007,-100
Ag,EAM_Dynamo_Williams_Mishin_Ag__MO_131620013077_002,4.09000014519,2.849999974726826,0.7754381507054483,0.5859129744416267,0.649088033196234,0.0947625881319108,68.4179362862588,44.409263699392966,6.483460717130057,1.1044519813201226,0.6534656789454942,5.383365395495096,3.4942777904427182,3.280709464519081,-1.9275390128370748,9.953397420798286,-17.527108007681708,1.4085450055534874,1.0473189854127787,-0.25432705363317715,-0.5345840082122905,-0.43218692710675255,-2.3563805875707495,4.225635016660462,3.7934480895537095,1.8692544290897124,0.09934926744188675,-0.42546526612564634,1.6833137168023424,1.2511267135437023,1.1880596991648023,-100,2.297913942216407,-100
Al,EAM_Dynamo_PurjaPun_Mishin_NiAl__MO_751354403791_002,4.04999999459,3.3599999878508906,0.7101941128304485,0.3840909192703284,0.4927919837903684,0.16305159678006007,66.43012473378744,32.73623295100473,10.831537912142604,0.6780014360324295,0.6302273067808118,8.067815454549098,3.9757558714385794,4.730725057985506,-0.5846181897104951,7.434682746461231,-8.864916116159215,1.3987168797826455,1.2119409703593065,-0.3422169479605507,-0.9568759854866036,-0.7076681335542856,-1.8136885836021213,4.196150639347936,3.4884825057936504,2.382462055745815,-0.3886058730020532,-0.4616747202568319,2.0878827460759073,1.3802148863656203,1.554078479970945,-100,2.0061559087207788,-100
Fe,EAM_Dynamo_Mendelev_Han_Fe_2__MO_769582363439_002,3.65836485326,4.002044591327654,0.4245181979638545,0.2516776312313441,0.3092911534755142,0.08642028336625518,48.96221403789645,15.143579656496009,4.231328411394249,1.7574415305975868,0.22421380005834263,4.47600549270282,1.3843888403677589,-0.8631710442027417,22.272102552670738,-37.23664817245292,96.6161431980359,1.2970162861812933,1.3868053783602503,-0.8568004049767897,-1.379606251543606,-1.173472201460532,-2.448532869540713,3.8910488585438796,2.717576657083348,1.4425159890031671,0.5638590756414996,-1.495155217792577,1.498731017594328,0.3252587717582343,-100,3.103334888697386,-100,4.5707458411078115
Zr,EAM_Dynamo_Zhou_Johnson_Zr__MO_103270551167_002,4.53166143879,6.351767699412262,0.646189738598091,0.4818381554043285,0.536622016468916,0.08217579159688126,93.06199717593192,49.93911658117316,7.647443285518935,1.8348528311688512,0.7939466788855096,19.07776562619777,10.237549318000244,9.236884034430592,18.10606521713472,-10.41413004504452,43.55054524204536,1.511088635783441,1.848733152024872,-0.4366621053246134,-0.7301469984867558,-0.6224613122592207,-2.498894526416113,4.533265907350323,3.910804595091103,2.0343713809342105,0.6069642772923604,-0.23073897504603627,2.9485235536175605,2.3260622665546653,2.223204603069241,2.8962469770093553,-100,3.7739222231293317
Ag,EAM_Dynamo_Williams_Mishin_CuAg__MO_128703483589_002,4.09000014519,2.849999974720779,0.7754326641227988,0.5859074431285006,0.6490825167932667,0.09476261049714907,68.4179362862588,44.40888627848622,6.483462247313504,1.1044519789286298,0.6534656830154723,5.383406362821011,3.494274667286896,3.2807083456062394,-1.927537903506621,9.953398230716823,-17.52708954784121,1.4085450055534874,1.047318985410657,-0.25433412911953884,-0.5345934487597382,-0.43219542584055515,-2.356380351557402,4.225635016660462,3.793439590819907,1.86925466510306,0.09934926527656601,-0.42546525989734985,1.6833213267576448,1.251125819751793,1.188059358106551,-100,2.297914023587468,-100
Cu,EAM_Dynamo_Wu_Trinkle_CuAg__MO_270337113239_002,3.49212758512,3.320666474101886,0.7454021096280724,0.5608259686444937,0.6223513489723533,0.09228807049178933,42.5863390018862,26.503665525617823,3.930211055793311,0.8439076357626549,0.4322459723186405,3.6880917575635572,2.2952888665156466,2.445862957793259,-0.8791637124383969,6.721177245764165,-11.293213430821815,1.250511173713125,1.2001655079931848,-0.2938314617450189,-0.5783446379064523,-0.4742504759913385,-2.3828403929359996,3.751533521139375,3.2772830451480366,1.3686931282033756,-0.16971222667494062,-0.838760472406301,1.305109185418347,0.8308587033546352,0.8943980086280546,-100,1.9052633245734634,-100
Al,EAM_Dynamo_Sturgeon_Laird_Al__MO_120808805541_002,4.05001022851,3.3900019328236444,0.5902929208918614,0.4255147551015898,0.4804408103650137,0.08238908289513577,66.43062832067697,31.91598490344307,5.47315854348821,0.8865216502788957,0.5575637270632547,3.301210814923756,1.5860363666266477,1.7036760210930546,-1.9946151609202531,7.808075414740154,-14.635984008089734,1.398719406673283,1.2208304915466637,-0.5271363891979476,-0.8544556544804268,-0.7330512415829796,-2.4963023399808737,4.19615822001985,3.46310697843687,1.6998558800389758,-0.12044973156767556,-0.5841784735469565,1.194289314789355,0.46123805272697826,0.5327882818638986,-100,2.055158507714269,-100
Ni,EAM_Dynamo_Ackland_Tichy_Ni__MO_977363131043_002,3.52422037167,4.458997437238581,1.6305328945928939,0.941482213463767,1.1711657738401426,0.3445253405645634,43.771272444422266,51.26341616433952,15.08031254585887,1.421673201236863,0.8118962593561322,1.4754582068414432,1.7280055754920176,1.5811434415969887,-4.965204198597722,2.995799806574899,-6.504747898976792,1.2596592406448377,1.4949239509061256,0.4889068905870599,-0.060299822764105775,0.1579996406422894,-1.0655876337167705,3.7789777219345133,3.9369773625768025,2.713390088217743,0.3518344886801132,-0.20838270639601847,0.3889685902565275,0.5469678969345391,0.45814828250960515,-100,1.0972112431870542,-100
Al,EAM_Dynamo_Vailhe_Farkas_CoAl__MO_284963179498_002,4.04969652717,3.368458048778189,0.5901178711326448,0.49005227789171757,0.5234074756386934,0.050032796620463615,66.41519297965328,34.762208501536996,3.3229378428598357,0.6348426250060162,0.3034678213293212,6.828910227801803,3.574302707664648,2.633646121262025,-0.8724922268332495,12.612414950628326,-22.425988837549077,1.398641946747975,1.214455087363941,-0.5274329804553005,-0.7132432039934589,-0.6473950061476368,-2.995076556174357,4.195925840243925,3.548530834096288,1.2008492840695681,-0.45437814544171895,-1.192479699377726,1.9211651041613709,1.2737701103147774,0.9683692439771391,-100,2.534681642396601,-100
Cu,EAM_Dynamo_Zhou_Johnson_Cu__MO_127245782811_002,3.61495904379,3.539994660199783,37.70809819741507,0.7627850387871704,13.07788942499647,18.47265657931395,47.24002771828917,617.7998589335541,872.6488088372278,1.2813348787338241,0.5549914162859805,-3.281253503838763,-42.91187048287834,-54.681044154499844,-60.81716169615147,-1.3904984737583996,-1.5565849680741712,1.2850805260278764,1.264125218726405,3.6298748776838776,-0.2707790189941435,2.5709229740640733,2.9162916159914163,3.855241578083629,6.426164552147703,6.771533194075046,0.24790240852700102,-0.5888026315066912,-100,-100,-100,-100,-100,-100
Ag,EAM_Dynamo_Wu_Trinkle_CuAg__MO_270337113239_002,4.09006921936,2.8499968978218226,0.722744326881502,0.5504178426865297,0.6078600040848539,0.08616324209748616,68.42140278391788,41.59063417572376,5.8954098927203304,1.1046128352595481,0.6532546406783719,5.713610601131574,3.4730752466332593,3.5199971588157837,-1.7312116891791123,11.127876411019523,-19.344563834856892,1.4085618939604,1.0473179057963957,-0.3246997474675747,-0.5970775752166972,-0.49781067996843903,-2.4515116180410423,4.2256856818812,3.727875001912761,1.774174063840158,0.09949489824321281,-0.42578827062138713,1.7428511532770015,1.2450404397043837,1.258460182455073,-100,2.4094533484325384,-100
Ni,EAM_Dynamo_Angelo_Moody_NiAlH__MO_418978237058_002,3.52000034049,4.45000001259376,1.5398749686636617,0.9205034836696978,1.1269606453343524,0.30968574249698194,43.61422065642312,49.151510256717444,13.5067023074116,1.5932608436613076,0.8682840315939773,1.9461579258494557,2.1932436569233147,2.113414431954951,-5.0899742302496565,3.7916190911416883,-7.838540957428476,1.2584610863401147,1.4929040990082072,0.4317012239500775,-0.08283449377548383,0.1195243146026321,-1.17219722955936,3.7753832590203444,3.8949075736229766,2.6031860294609843,0.46578276119024026,-0.14123639250963801,0.6658571345560221,0.7853815699320406,0.7483048537868237,-100,1.3327931286989823,-100
Al,EAM_Dynamo_Winey_Kubota_Al__MO_149316865608_002,4.02484538405,2.645979617159519,0.7099978741295728,0.3851605502520839,0.49343965821124686,0.16241866193874446,65.20000128858746,32.17226635121345,10.58969696769679,0.6639239568196441,0.43157271743222037,7.9200740410691335,3.908078451761958,3.5997959851248735,-1.5711800953936026,6.573608375273132,-9.345056915616604,1.3924864962320727,0.9730413623976057,-0.3424933031349588,-0.9540950179785997,-0.7063547007127416,-1.817577944440686,4.177459488696218,3.4711047879834767,2.3598815442555323,-0.40958765892592863,-0.8403192602184478,2.0694005544024763,1.3630458086366577,1.2808771730575677,-100,1.8830629017111153,-100
Au,EAM_Dynamo_Ackland_Tichy_Au__MO_104891429740_002,4.0780001097,3.7890452932133827,1.1643187630046443,0.9806127749697481,1.0418481043147134,0.09185299401744812,67.81748802496078,70.65552133819116,6.229239321835082,0.9629499546510509,0.909341176164008,4.37666345699404,4.559819130814995,1.0239342116212349,-5.38747449816811,11.277293578391522,-23.623053303519725,1.4056066990527043,1.3321140858350042,0.15213616319736212,-0.019577622142594914,0.0409961594947803,-2.387565871037372,4.216820097158113,4.257816256652894,1.8292542261207414,-0.037753836705690366,-0.09503492391029572,1.476286666286244,1.5172829584446885,0.023652278089785785,-100,2.4227912862882075,-100
Ag,EAM_Dynamo_Zhou_Johnson_Ag__MO_947112899505_002,4.08964265274,2.8499995142306074,12.596780546298026,0.5780294452767891,4.584279812283868,6.009375550510619,68.39999734469734,313.5647269875662,411.04127169821544,1.1007062066974767,0.5965272462356137,-2.7653818431497994,-12.677284014045846,-20.346521733220357,-25.826411693947904,-1.460278220130256,-1.916223255154828,1.4084575952694298,1.0473188238351436,2.5334412691100594,-0.5481304682218815,1.52263301862365,1.7933208414036346,4.22537278580829,5.74800580443194,6.018693627211924,0.09595197989519424,-0.5166303616463931,-100,-100,-100,-100,-100,-100
Ni,EAM_Dynamo_Bonny_Pasianot_FeCuNi__MO_469343973171_002,3.5200009501,4.450261609786289,1.524112947296538,0.9271449236674736,1.1261342648771617,0.2984840118145322,43.614243316366654,49.11549383525023,13.018154317324267,1.5606036328577557,0.9785900970735056,1.837057993479665,2.068774477333668,1.6284021188978963,-6.277885969817628,4.116613094379588,-9.127459740413503,1.258461259524742,1.49296288316618,0.4214125669175695,-0.07564538942464692,0.11879076317477044,-1.2090389093443237,3.775383778574226,3.8941745417489964,2.5663448692299022,0.44507269055745535,-0.02164241966175616,0.6081653754024315,0.7269563920170061,0.48759923886046574,-100,1.4150307608101687,-100
Cu,EAM_QuinticClampedSpline_Cai_Ye_AlCu__MO_246347493730_000,3.62072397054,3.525583181711283,1.15713196962561,0.9015794527348929,0.9867636250317986,0.1277762584453585,47.46639529110068,46.838112284638804,6.065078392185229,1.2727273452387602,0.6625864283744021,3.287516312079827,3.244000726207915,3.66972808230583,-1.2016683641015031,7.045197404164307,-12.017018283449161,1.2866739977038517,1.2600458642004986,0.1459445036132929,-0.10360710629566151,-0.013324756546875184,-2.0574745254593814,3.860021993111555,3.8466972365646797,1.8025474676521736,0.24116211379019803,-0.4116042717070289,1.19013235934095,1.1768073601150142,1.3001175673067698,-100,1.9523461654214287,-100
Al,EAM_Dynamo_Zhou_Johnson_Al__MO_131650261510_002,4.05018068435,3.580002471520067,62.487187637145865,0.3880564660955126,21.08776685644563,31.049565585525176,66.43901642181756,1401.0504884748511,2062.9025978270083,0.6601558670730239,0.30389893525957284,-4.292810474587678,-90.52578625891462,-113.95060844258512,-121.0026857425943,-1.8005152974720082,-1.914076902912805,1.398761493543052,1.2753634907811044,4.134961537921767,-0.9466044187734961,3.0486931025138007,3.4355848174772734,4.1962844806291555,7.244977583142957,7.6318692981064284,-0.41527930961172166,-1.191060082653639,-100,-100,-100,-100,-100,-100
Au,EAM_Dynamo_Zhou_Johnson_Au__MO_468407568810_002,4.08005430125,3.930005220490805,8.795342652376808,0.9861187001775539,3.5891933509106386,3.9046119760996274,67.92002379707532,243.77809780615507,265.20133833503195,0.9970582403190138,0.5953897586489421,-1.7796905511750305,-6.387653505743831,-7.889716632051877,-12.693408340751322,-0.6763938530072816,-1.291524336920041,1.4061102974574065,1.3686407542494492,2.174222337337006,-0.013978546049651076,1.277927483913202,1.3621584124389412,4.21833089237222,5.496258376285422,5.58048930481116,-0.0029460951607105054,-0.5185390313395585,-100,-100,-100,-100,-100,-100
Li,MEAM_2NN_Fe_to_Ga__MO_145522277939_001,4.39263742805,1.6583746305066982,0.1148880480759584,0.06385216083026794,0.08086412324549809,0.025517943622845228,84.7570969605851,6.853808334551386,2.162826821876237,0.568379273632986,0.6014609120388581,2.774063663971577,0.2243222285890199,-0.02050620035112518,-0.7614560394796748,3.7368091018553775,-10.78140314582956,1.4799298275674908,0.5058379844504859,-2.163797119764552,-2.7511848547854205,-2.514985023669159,-3.6683734027943284,4.439789482702473,1.924804459033314,0.7714160799081444,-0.5649663478276477,-0.5083937298205136,1.020313271871384,-1.4946717403198027,-100,-100,1.318232065938017,-100
Ag,MEAM_2NN_Fe_to_Ga__MO_145522277939_001,4.07293395996,2.8500000000046026,0.8203275460788644,0.6072980582064842,0.6783078874972777,0.10651474393619009,67.56505039043809,45.829906598985175,7.196674041373293,0.9451187153633298,0.93376749849768,4.3730885890901074,2.9663005390959336,2.2456762577796856,-3.651308233998784,9.364513766562812,-18.31702716016605,1.4043636144321985,1.0473189942821741,-0.1980515720436885,-0.49873557350429515,-0.38815398276618046,-2.239471862699289,4.2130908432965954,3.824936860530415,1.9736189805973068,-0.05644473465541871,-0.06852780268641286,1.4754695304213603,1.0873155666659888,0.8090067042437087,-100,2.236927414266547,-100
Ni,MEAM_2NN_Fe_to_Ga__MO_145522277939_001,3.52139177322,4.449999999999892,1.6311266842099608,0.9413162253451504,1.1712530449667538,0.3449052294324052,43.66596233847644,51.14389135034412,15.06061875873898,1.5068021375814715,1.474225697860323,1.4862272808467982,1.7307110834179427,1.5965506416727564,-7.1624093095362396,3.855387348629724,-8.842245021181524,1.2588563015832488,1.4929040961781246,0.48927099334473934,-0.06047614341067665,0.15807415432528307,-1.064485596984367,3.7765689047497464,3.934643059075029,2.712083307765379,0.40998961545796514,0.3881329013538046,0.39624088268014734,0.5485323549370602,0.4678454531035393,-100,1.3494714815083464,-100
Al,EAM_Dynamo_Zope_Mishin_Al__MO_664470114311_002,4.04999993669,3.3600000229044444,0.7290933990097727,0.3752148940479955,0.49317439570192123,0.17693925248088857,66.43012188467323,32.761635216878695,11.754096108488397,0.7092834057246308,0.6449748178053053,6.927246435362299,3.4163405851708255,2.8813489683395574,-1.5899531577933925,5.151821382475665,-7.48331204168046,1.3987168654863489,1.2119409807919117,-0.31595343582509317,-0.9802563663479775,-0.7068924236747554,-1.7319488116397403,4.196150596459047,3.4892581727842913,2.4642017848193065,-0.3435001063323734,-0.43854400511084696,1.935462394466887,1.2285699738751776,1.0582585762712329,-100,1.639350318650519,-100
Cu,MEAM_2NN_Fe_to_Ga__MO_145522277939_001,3.61331591606,3.540000000000248,1.0993331760022451,0.7795978638545769,0.8861763012371329,0.15986765607383413,47.17564016460767,41.80593430956595,7.541859016898455,1.1125063683025482,1.0893140134531394,2.909735442086582,2.5785385684327697,2.003849845222792,-4.050673292526374,6.306155288742893,-12.629892217615303,1.284625887053175,1.264126727145753,0.09470379235428884,-0.2489770514056191,-0.1208393625771056,-1.8334089555637822,3.853877661159525,3.7330382985824198,2.020468705595743,0.10661545935877167,0.08554815266423679,1.0680621636782215,0.9472227920982987,0.6950702528818735,-100,1.841526186373565,-100
Cu,EAM_Dynamo_Ackland_Tichy_Cu__MO_179025990738_002,3.61500009724,3.519353026399475,1.0543870328741358,0.7578717239216866,0.8567101602391697,0.14825765447622463,47.24163718726269,40.472390564660536,7.003934323000356,1.1897500150670663,0.9809458672372857,2.6443018144812775,2.2653998136961175,2.040540667751658,-4.109806967541974,6.910319028466876,-13.831825640623244,1.2850918825097595,1.25827717339851,0.05295958658173509,-0.2772411373154862,-0.15465562034256802,-1.9088036102198325,3.855275647529278,3.70062002718671,1.9464720373094457,0.17374321368314352,-0.019238002144933788,0.9724070661862703,0.8177512615456265,0.7132148059526248,-100,1.9330158058117746,-100
Ni,EAM_Dynamo_Bonny_Pasianot_FeNi__MO_267721408934_002,3.5200009501,4.450261609786289,1.524112947296538,0.9271449236674736,1.1261342648771617,0.2984840118145322,43.614243316366654,49.11549383525023,13.018154317324267,1.5606036328577557,0.9785900970891912,1.837057993479665,2.068774477333668,1.6284022610201854,-6.27788623116552,4.116613311839407,-9.127460198819325,1.258461259524742,1.49296288316618,0.4214125669175695,-0.07564538942464692,0.11879076317477044,-1.2090389093443237,3.775383778574226,3.8941745417489964,2.5663448692299022,0.44507269055745535,-0.021642419645727422,0.6081653754024315,0.7269563920170061,0.48759932613760765,-100,1.4150308136351024,-100
Al,EAM_Dynamo_Zope_Mishin_TiAl__MO_117656786760_002,4.04999945569,3.3600000285924128,0.7290979491224283,0.37523881900686423,0.49319186237871887,0.17692956505778204,66.43009821586928,32.76278385708578,11.753448384079494,0.7092829522835553,0.6449750755022845,6.926606173908995,3.416146022057803,2.880981601812519,-1.5903238166721958,5.15177289545213,-7.4840611261496495,1.3987167467209078,1.2119409824847596,-0.31594719506298535,-0.9801926050300959,-0.7068570074657025,-1.7320035631331119,4.196150240162724,3.489293232697021,2.464146677029612,-0.343500745627212,-0.43854360556512734,1.9353699636504464,1.2285130215167583,1.0581310700398343,-100,1.6393409069787803,-100
Fe,EAM_Dynamo_Mendelev_Han_Fe_5__MO_942420706858_002,3.65829627514,4.014904896210869,0.7508191756412069,0.463997227048123,0.5596045432458177,0.14341097429654195,48.959460616259605,27.397936595723554,7.021323948010965,1.7085386831610379,0.8067658198831997,3.2466186649085547,1.816822130829213,3.46197240018522,0.24726382074047965,5.159875934472037,-6.04816393892302,1.2969975404395406,1.3900136599976,-0.2865904343172853,-0.7678767029631294,-0.580524917485709,-1.9420408244802436,3.890992621318622,3.310467703832913,1.9489517968383785,0.5356384339095397,-0.21472183884263782,1.1776140439412723,0.5970888929488108,1.241838484505376,-1.3972994122034035,1.6409125354974472,-100
Fe,EAM_Dynamo_Bonny_Pasianot_FeNi__MO_267721408934_002,3.65836487293,4.002044591326717,0.4245238873475433,0.25167081494027677,0.30928850574269895,0.08642653620363328,48.96221482766466,15.143450261901421,4.23163463241323,1.757441550492477,0.2242141880521576,4.476206390692889,1.3844390603975265,-0.8630597928106345,22.270709093125966,-37.231043981105394,96.60388800323244,1.2970162915580123,1.386805378360016,-0.8567870030882677,-1.379633335330671,-1.1734807621455654,-2.448460518341004,3.891048874674037,2.7175681125284714,1.4425883563330324,0.5638590869618706,-1.4951534873304952,1.498775899907821,0.32529504705707774,-100,3.103272321495463,-100,4.570618988889191
Cu,EAM_Dynamo_Bonny_Pasianot_FeCuNi__MO_469343973171_002,3.61492507696,3.540218330215783,1.0602729746251454,0.7651019539672601,0.8634922941865552,0.14758551032894263,47.238696102444365,40.79025007188117,6.971747071553085,1.2742894648056966,0.6924365275291793,3.4774915279852956,3.002787167797474,3.629020761611721,-1.6718332249217347,6.705008480419601,-11.253576539790103,1.2850711297970563,1.2641884004460446,0.05852639820182939,-0.26774618087586266,-0.1467703053650947,-1.9133475401377065,3.855213389391169,3.7084430840260745,1.9418658492534626,0.2423887407654434,-0.3675387021189778,1.246311208575339,1.0995409132952554,1.2889628492428737,-100,1.9028547815232375,-100