elem,model,a,cohesive-energy,c11,c12,bulk,shear,volume,bulk*volume,shear*volume,formation-energy,migration-energy,relaxation-volume,edt11,spedt11,spedt33,spdst11,spdst33,ln_a,ln_cohesive-energy,ln_c11,ln_c12,ln_bulk,ln_shear,ln_volume,ln_bulk*volume,ln_shear*volume,ln_formation-energy,ln_migration-energy,ln_relaxation-volume,ln_edt11,ln_spedt11,ln_spedt33,ln_spdst11,ln_spdst33,surface100,surface121,surface111,surface110,element,lattice,model
Ni,EAM_Dynamo_Mendelev_NiZr__MO_149104665840_002,3.51812114894,4.385508769552925,1.5417701702600433,0.9193637576819739,1.1268325618746637,0.3112032062890347,43.544406122504626,49.06725470633268,13.551158801275312,1.7581178963959436,1.035380577359103,-0.4488536340868464,-0.5057823953787124,2.968653297487462,-3.530521507843857,3.7179907847169464,-6.724018007881002,1.2579270826013393,1.478305644077332,0.432931217508634,-0.08407341591931171,0.11941065425489761,-1.167309183745646,3.773781247804018,3.8931919020589154,2.6064720640583716,0.5642438598107039,0.03476906672279934,-100,-100,1.0881084147923794,-100,1.3131834107369946,-100,0.0877202489681,0.0942671485327,0.0801354227868,0.0989939045343,Ni,fcc,EAM_Dynamo_Mendelev_NiZr__MO_149104665840_002
Al,EAM_QuinticClampedSpline_Cai_Ye_AlCu__MO_246347493730_000,4.02881718309,3.3147771783345155,0.504697448822537,0.3788394491400914,0.4207921157009065,0.0629289998412228,65.39321387946947,27.516948820823846,4.115129545838183,0.7298699496024441,0.4227676023780521,0.5999425550005287,0.2524510448494731,-0.2241237006383502,-3.2836830076220083,7.117779433593714,-17.191832874854185,1.3934728299228345,1.1983904051900334,-0.6837961404881314,-0.9706427806953724,-0.8656163541863848,-2.7657481747648447,4.1804184897685035,3.314802135582119,1.414670315003659,-0.3148889119400441,-0.8609326542747657,-0.510921370015302,-1.3765379308484902,-100,-100,1.96259579947579,-100,0.0341922099284,0.0364435203262,0.0307110767826,0.0385571990953,Al,fcc,EAM_QuinticClampedSpline_Cai_Ye_AlCu__MO_246347493730_000
Cu,EAM_Dynamo_Cai_Ye_AlCu__MO_942551040047_002,3.61472814006,3.52456766552127,1.0506475518410168,0.7925822715098544,0.8786040316202418,0.1290326401655812,47.23097599591707,41.497325927371605,6.09433753035037,1.2758947320890783,0.6560952788300752,2.4402162696908443,2.1439838745873683,2.4124918671502265,-2.4800114473531236,6.616017840078451,-12.342373460880406,1.2850166494799133,1.259757780663269,0.04940669011731001,-0.23245896598812854,-0.12942095876416385,-2.047689882086386,3.85504994843974,3.725628989675576,1.8073600663533538,0.24364768315662977,-0.42144925846564624,0.8920866704964489,0.7626657219990065,0.8806601830958819,-100,1.889493654222962,-100,0.0780800634126,0.0828018817319,0.0729237111698,0.0844334018414,Cu,fcc,EAM_Dynamo_Cai_Ye_AlCu__MO_942551040047_002
Al,EAM_QuinticClampedSpline_Ercolessi_Adams_Al__MO_450093727396_000,4.03208289279,3.3600000012959064,0.7360157724542743,0.3880322503351856,0.5040267577082153,0.17399176105954434,65.55236362134416,33.04014529617606,11.40557118809328,0.6949175083676318,0.6094887452681025,6.608142444543613,3.3306807355138384,3.132558693017999,-1.9472102433085006,5.817778488331741,-8.779949262973647,1.3942830892854183,1.2119409743607994,-0.30650373051783264,-0.9466668233925097,-0.685125921629126,-1.7487473311211694,4.182849267856255,3.497723346227129,2.4341019367350856,-0.3639621334581293,-0.49513479574712915,1.888302592364007,1.2031767081796239,1.1418501444100004,-100,1.7609184858404163,-100,0.0588393981664,0.0633100983486,0.0543011962748,0.0646702331175,Al,fcc,EAM_QuinticClampedSpline_Ercolessi_Adams_Al__MO_450093727396_000
Al,EAM_QuinticHermiteSpline_Ercolessi_Adams_Al__MO_781138671863_000,4.0320824704,3.360000001102998,0.7361028290854669,0.3880037378371993,0.5040367682532886,0.17404954562413377,65.55234302008616,33.04079112727524,11.409355517243352,0.6949166698458952,0.6094909890158442,6.607532662496291,3.3304394465405656,3.1315470351357844,-1.9485502098273724,5.815717068046414,-8.7781079697885,1.394282984528142,1.211940974303386,-0.3063854565809324,-0.9467403058042373,-0.6851060606881916,-1.7484152753334758,4.1828489535844255,3.497742892896234,2.4344336782509495,-0.36396334010817394,-0.4951311143934879,1.8882103107298391,1.203104261213713,1.1415271428723786,-100,1.760564091875694,-100,0.058839401267,0.0633100979979,0.0543011955435,0.064670228603,Al,fcc,EAM_QuinticHermiteSpline_Ercolessi_Adams_Al__MO_781138671863_000
Pd,EAM_Dynamo_Hale_Wong_pairHybrid_PdAgH__MO_104806802344_002,3.88485926986,3.910424602748264,1.5394864255373257,1.2512788729009516,1.3473480571130763,0.14410377631818705,58.63080714082226,78.99610408815835,8.448920717575815,1.2471445083115376,0.45348772207742255,8.034323545310187,10.825030285407848,10.303463934163883,5.361764712928252,7.856988593396528,-9.289334370492497,1.3570867591892468,1.3636459621546315,0.43144887089458384,0.2241661266265797,0.2981382583434721,-1.9372215700869564,4.07126027756774,4.369398535911213,2.134038707480784,0.22085654475646233,-0.7907870834926235,2.0837228071339355,2.3818610716128474,2.3324801429857343,1.6792931583825568,2.061403402416702,-100,0.128820717052,0.138724338235,0.12541527002,0.140743946968,Pd,fcc,EAM_Dynamo_Hale_Wong_pairHybrid_PdAgH__MO_104806802344_002
Al,IMD_EAM_Schopf_AlMnPd__MO_878712978062_002,4.21070026681,3.7262808682698365,0.35084846637961753,0.1899637202043076,0.2435919689294109,0.08044237308765496,74.65570199066339,18.185529439713036,6.00548183265373,0.4838077379974821,0.09863317509679939,7.814395001874088,1.903523613346592,1.487772771592933,-0.0821631443460887,4.572489375585933,-5.185652415875648,1.4376289680214425,1.3154106499798135,-1.0474008684502476,-1.6609221713473332,-1.4122607119599306,-2.5202142131745155,4.312886904064327,2.9006261921043968,1.792672690889812,-0.7260676867268361,-2.3163476125360147,2.055967545889424,0.6437067019888935,0.39728021748714504,-100,1.5200577777341882,-100,0.0363623597419,0.0402636266277,0.0374888289832,0.0388201807456,Al,fcc,IMD_EAM_Schopf_AlMnPd__MO_878712978062_002
Cu,EAM_Dynamo_Foiles_Baskes_Universal3_Cu__MO_666348409573_001,3.61499994546,3.5400000022796085,1.043981495947136,0.7748982405798658,0.8645926590356225,0.13454162768363515,47.24163123677706,40.844767568185404,6.3559659610260475,1.2855910511397282,0.6763951107075976,3.0531667236231224,2.6397456309599727,3.426334416454668,-1.5564231341638446,6.853144954020658,-11.664387910314797,1.285091840523591,1.2641267277896402,0.04304176511480471,-0.25502356072730753,-0.14549679737495563,-2.0058816283187544,3.855275521570773,3.709778724195817,1.8493938932520184,0.25121857457354146,-0.3909778903877434,1.1161793220301464,0.9706825606069802,1.2314910064793685,-100,1.9247076642872782,-100,0.0803809418251,0.0854018306669,0.0736962872664,0.0881455088719,Cu,fcc,EAM_Dynamo_Foiles_Baskes_Universal3_Cu__MO_666348409573_001
Pd,EAM_Dynamo_Hale_Wong_pairMorse_PdAgH__MO_108983864770_002,3.88485926986,3.910424602748264,1.5394864255373257,1.2512788729009516,1.3473480571130763,0.14410377631818705,58.63080714082226,78.99610408815835,8.448920717575815,1.2471445083115376,0.45348772207742255,8.034323545310187,10.825030285407848,10.303463934163883,5.361764712928252,7.856988593396528,-9.289334370492497,1.3570867591892468,1.3636459621546315,0.43144887089458384,0.2241661266265797,0.2981382583434721,-1.9372215700869564,4.07126027756774,4.369398535911213,2.134038707480784,0.22085654475646233,-0.7907870834926235,2.0837228071339355,2.3818610716128474,2.3324801429857343,1.6792931583825568,2.061403402416702,-100,0.128820717052,0.138724338235,0.12541527002,0.140743946968,Pd,fcc,EAM_Dynamo_Hale_Wong_pairMorse_PdAgH__MO_108983864770_002
Ni,EAM_Dynamo_Mendelev_Ni__MO_832600236922_002,3.51812109053,4.3855087695729775,1.541751927684911,0.9193413777168785,1.126811561039556,0.31120527498401623,43.54440395365204,49.06633779355167,13.551248206411367,1.7581179166804368,1.0353805185711655,-0.44886709771617345,-0.5057885190619007,2.9685935525572793,-3.5305732363352833,3.7179513448927235,-6.723978724628669,1.2579270659987272,1.4783056440819042,0.432919385211311,-0.08409775909937425,0.11939201703095005,-1.1673025363587808,3.7737811979961817,3.8931732150271317,2.606478661637401,0.5642438713483221,0.0347690099437363,-100,-100,1.0880882893262522,-100,1.3131728028480316,-100,0.0877202489828,0.094267150409,0.0801354256135,0.0989939071261,Ni,fcc,EAM_Dynamo_Mendelev_Ni__MO_832600236922_002
Cu,EAM_Dynamo_Hoyt_Garvin_PbCu__MO_119135752160_002,3.61503431848,3.540053051404032,1.0565415656626576,0.778678729139125,0.8712996746469691,0.1389314182617663,47.242978832627706,41.16279208622217,6.563534052127572,1.2858990849674374,0.6772682712703946,3.0433204431784704,2.651643823700857,3.456901395906751,-1.5453993549759024,6.68551213740565,-11.31723630644119,1.2851013489211296,1.2641417133057156,0.055000900094820844,-0.25015673263317156,-0.13776930315599614,-1.9737748614104604,3.855304046763389,3.7175347436073927,1.8815291853529286,0.25145815070479505,-0.3896878197608496,1.1129491703915073,0.9751797585154048,1.2403726375089064,-100,1.8999428175530457,-100,0.0803846434911,0.0854066302663,0.0736999383445,0.0881501691928,Cu,fcc,EAM_Dynamo_Hoyt_Garvin_PbCu__MO_119135752160_002
Pb,EAM_Dynamo_Hoyt_Garvin_PbCu__MO_119135752160_002,4.91013044565,2.0299992097479356,0.2686808511371419,0.2241882047831729,0.23901908690116258,0.02224632317698451,118.3802056409732,28.29512865947727,2.6335243124469745,0.3102897707769408,0.2238447514018327,24.24605739051011,5.795270659303325,4.815826738852042,3.155412541975898,18.38384365388704,-18.935001884461677,1.5913005087956824,0.7080354037668889,-1.314231030741454,-1.4952693799725905,-1.4312118687282467,-3.805578534497858,4.773901526387047,3.3426896576588008,0.9683229918891897,-1.1702486736627336,-1.4968025415129427,3.1882540223309985,1.7570421813616652,1.5719077312073781,1.149119245599083,2.9114722166036917,-100,0.0380030914163,0.0400193788947,0.0375611782629,0.041811912874,Pb,fcc,EAM_Dynamo_Hoyt_Garvin_PbCu__MO_119135752160_002
Pb,EAM_Dynamo_Landa_Wynblatt_AlPb__MO_699137396381_002,4.9091222349,2.0300039202347677,0.2745494761920753,0.22934139152151853,0.2444107530783708,0.022604042335278393,118.307298601948,28.915575945969795,2.6742231861708547,0.31267164082417187,0.22123005925261455,23.095246845364812,5.644726698105799,4.411451175327027,2.754178742708768,17.48262270440822,-19.17614005363629,1.5910951549288774,0.7080377242019632,-1.2926237931371476,-1.472543592885727,-1.4089050547869002,-3.7896265243053757,4.773285464786633,3.364380409999732,0.9836589404812565,-1.162601709951253,-1.5085521268276394,3.1396268320854546,1.730721781567905,1.4842037000288468,1.0131193011447184,2.861207399270423,-100,0.0379713835782,0.0400047007678,0.0375345350212,0.0417921431399,Pb,fcc,EAM_Dynamo_Landa_Wynblatt_AlPb__MO_699137396381_002
Cu,EAM_Dynamo_Mendelev_King_Cu__MO_748636486270_002,3.63902985156,3.4227191629636278,1.0868118680498964,0.7938575016649332,0.8915089571265876,0.1464771831924816,48.18999204054795,42.96180954800746,7.058734292167572,1.1068956073274512,0.9201298010269047,3.5365119750499976,3.1528320813591577,4.692236286638401,-0.74742275852161,7.265884991871064,-11.302395065498008,1.2917171218280334,1.2304353120582683,0.08324851868884127,-0.23085130277733032,-0.11483979447581165,-1.920885608781108,3.8751513654841006,3.760311571008289,1.9542657567029926,0.10155934695586379,-0.08324053081831466,1.263140923618529,1.1483011223604485,1.5459092889943336,-100,1.983190105414874,-100,0.0747976643999,0.0758267414882,0.063700694775,0.0796857415605,Cu,fcc,EAM_Dynamo_Mendelev_King_Cu__MO_748636486270_002
Pb,EAM_Dynamo_Zhou_Johnson_Pb__MO_116920074573_002,4.94935555464,2.019998061558366,4.693595167058098,0.2640568244953334,1.7405696053495883,2.2147691712813824,121.24000959978304,211.02667566167466,268.51863558745833,0.5927633485683994,0.31453101127639504,-4.712861332156282,-8.203063338127889,-9.338354855319867,-12.13846083983588,-1.7564044420215863,-2.388548467428648,1.5992573771231993,0.7030965517880817,1.546198848941344,-1.3315909546970464,0.5542124190523564,0.7951481864555777,4.797772131369598,5.351984550421954,5.592920317825175,-0.522960034562816,-1.1566726026904117,-100,-100,-100,-100,-100,-100,0.0240297743606,0.0252032469119,0.0217049238996,0.0263748007171,Pb,fcc,EAM_Dynamo_Zhou_Johnson_Pb__MO_116920074573_002
Al,EAM_CubicNaturalSpline_Ercolessi_Adams_Al__MO_800509458712_000,4.03208277684,3.360000001085944,0.7361043770576013,0.38802041145267585,0.504048399987651,0.17404198280246275,65.55235796610602,33.04156114823349,11.408862357797904,0.6949174648177844,0.6094950681900209,6.608247053041589,3.3308763695902415,3.1324756554879603,-1.9472588865155305,5.816253114742345,-8.777163551619003,1.3942830605285688,1.2119409742983105,-0.30638335365394226,-0.9466973339057613,-0.6850829837999891,-1.7484587283971365,4.1828491815857065,3.497766197785717,2.43439045318857,-0.3639621961272206,-0.49512442166037157,1.8883184224813014,1.20323544341926,1.1418236361658556,-100,1.7606562597007291,-100,0.0588393988131,0.0633100978066,0.0543011961363,0.06467023161,Al,fcc,EAM_CubicNaturalSpline_Ercolessi_Adams_Al__MO_800509458712_000
Cu,EAM_Dynamo_Mendelev_Kramer_CuZr__MO_600021860456_002,3.63908511817,3.2831162319607663,1.1064354647789563,0.8022624798087704,0.9036534747988324,0.15208649248509293,48.19218768448563,43.54903785924294,7.329380790116712,1.048731056062688,0.9929765226828042,3.578722696094939,3.2339251402793674,4.147728061288333,-1.518440175934936,7.042655984596293,-11.585453774921405,1.2917323088950778,1.1887930420842638,0.10114355506560108,-0.22031944310347848,-0.10130931641508953,-1.8833058904645703,3.8751969266852337,3.7738876102701444,1.9918910362206634,0.04758091528708853,-0.00704825803337443,1.275005947948045,1.1736966131688107,1.422560729223098,-100,1.9519853695605616,-100,0.0675885133833,0.0680344614933,0.0563360039165,0.0720161614545,Cu,fcc,EAM_Dynamo_Mendelev_Kramer_CuZr__MO_600021860456_002
Al,EAM_Dynamo_Angelo_Moody_NiAlH__MO_418978237058_002,4.05000005648,3.359999997072268,0.7116319090955741,0.38725874079151856,0.4953831302262037,0.16218658415202775,66.43012777923964,32.90836464060642,10.774075509297607,0.5249221884797156,0.18171735807252565,5.557211079052395,2.7529488367319375,1.8140564463816642,-0.8375725451443723,3.3507755764708436,-4.823851980852347,1.3987168950641267,1.211940973103764,-0.340194482858568,-0.9486622284963303,-0.702423815340351,-1.819007852484715,4.19615068519238,3.493726869852029,2.377142832707665,-0.6445052397946487,-1.7053027766484918,1.7150963779298962,1.0126726414370806,0.595565468288016,-100,1.2091918344058596,-100,0.0632746711347,0.069935982192,0.0624421814241,0.0716700854339,Al,fcc,EAM_Dynamo_Angelo_Moody_NiAlH__MO_418978237058_002
Ni,EAM_Dynamo_Mishin_Mehl_NiAl__MO_109933561507_002,3.45246419211,4.501335164057344,3.963677013001226,1.970714159752232,2.6350351108352297,0.996481426624497,41.15167800244351,108.43611640622441,41.006882803866844,0.565730600951927,1.0328471856615624,3.4300339155743282,9.038259899496513,8.080634619598719,1.8898644729368936,1.79659761355521,-1.3097172997041646,1.239088234664614,1.504374055892461,1.3771721330777338,0.6783959946969803,0.968896506699705,-0.003524778113628932,3.717264703993842,4.686161210693546,3.713739925880213,-0.5696372841382533,0.03231924663056938,1.232570149051508,2.2014666668819527,2.0894704114782847,0.6365051190596526,0.5858946615003927,-100,0.0800342140248,0.0854210326232,0.0670755841243,0.0930268485731,Ni,fcc,EAM_Dynamo_Mishin_Mehl_NiAl__MO_109933561507_002
Al,EAM_Dynamo_Cai_Ye_AlCu__MO_942551040047_002,4.04976352572,3.3183172220457946,0.5626452425571319,0.4414315735601025,0.4818361298924456,0.0606068344985147,66.41848937128273,32.00282787196141,4.02541439296669,0.7179608322997981,0.4334654136518431,4.344557576340472,2.0933647881300335,1.9354625415497715,-1.05632326481568,8.876351882320574,-15.80556745950159,1.3986584907026496,1.199457793601445,-0.5751059692433093,-0.8177322572235696,-0.730151202213915,-2.803347611762568,4.195975472107949,3.465824269894034,1.3926278603453806,-0.33134026253636634,-0.8359432699079032,1.468923929905929,0.7387727178758733,0.6603463374769468,-100,2.1833906485297554,-100,0.0362055419271,0.0378293917887,0.0327517809177,0.0391409287924,Al,fcc,EAM_Dynamo_Cai_Ye_AlCu__MO_942551040047_002
Ca,IMD_EAM_Schopf_CaCd__MO_145183423516_002,5.67090640962,1.4406639524421403,1.3534329951663466,0.19041082696421374,0.5780848830315913,0.5815110841010664,182.3716971924905,105.42632123979367,106.05116334375657,0.7737915672296325,0.8247275285930253,1.1753977974447238,0.6794799081179387,0.7995103332166963,-3.214422801817068,0.8399425143143522,-2.611352841141345,1.7353489655664907,0.36510408540889144,0.3026443239826431,-1.6585712939337403,-0.5480345646360729,-0.5421252459822665,5.206046896699472,4.658012332063399,4.663921650717206,-0.25645273464324764,-0.1927022155701566,0.16160664131744432,-0.3864276144551209,-0.22375582219290546,-100,-0.1744218248266394,-100,0.0131674654252,0.015059739712,0.0141001482801,0.0150097295889,Ca,fcc,IMD_EAM_Schopf_CaCd__MO_145183423516_002
Al,EAM_Dynamo_Ercolessi_Adams_Al__MO_123629422045_002,4.03208199832,3.3600000013137725,0.7361463005776098,0.38800450857385843,0.5040517725751089,0.17407089600187567,65.5523199952993,33.041763090041364,11.41075107658342,0.694916174059084,0.6094950827183552,6.607214998663296,3.330378397188516,3.1305568853850545,-1.9497146806803414,5.814565729007786,-8.777969920973632,1.3942828674471965,1.2119409743661167,-0.3063264020482726,-0.9467383193906581,-0.6850762928231405,-1.748292614465479,4.182848602341589,3.4977723095184485,2.4345559878761103,-0.36396405355628875,-0.4951243978236994,1.8881622335601191,1.2030859303259802,1.1412109073797874,-100,1.7603661020138,-100,0.058839408162,0.0633100968865,0.0543011945376,0.0646702227384,Al,fcc,EAM_Dynamo_Ercolessi_Adams_Al__MO_123629422045_002
Xe,EAM_Dynamo_Smirnova_UMoXe__MO_679329885632_002,6.66976841487,6.814877997250816,0.12392191274663074,0.06194995977358403,0.08260727743126627,0.030985976486523355,296.7100551700872,24.51040984408171,9.193850792815368,0.00312542333160392,0.15190262523709652,0.008589132347065171,0.0007095432479565403,-0.4867402212713948,-1.8279030441282886,3.445810819002605,-18.195639400237702,1.8975851389154696,1.9191081628973956,-2.088103647658313,-2.7814283202440158,-2.4936574978414288,-3.4742205482502744,5.692755416746409,3.19909791890498,2.2185348684961346,-5.7681855388552234,-1.8845155868628902,-4.757257555414079,-7.2508891076806075,-100,-100,1.2371592378763465,-100,0.0000491424978403,0.0000474166163728,0.0000402757461221,0.000049253007231,Xe,fcc,EAM_Dynamo_Smirnova_UMoXe__MO_679329885632_002
Al,EAM_Dynamo_Landa_Wynblatt_AlPb__MO_699137396381_002,4.03103608609,3.359280122205089,0.6735018891327091,0.35518906062228045,0.4612933367924234,0.15915641425521435,65.5013208911548,30.215322878192072,10.42495536201636,0.6746031453648762,0.5881094117334199,7.043347281122568,3.2490492194899034,3.3950950114337743,-1.378624839249154,6.302458063443371,-8.694486696838354,1.3940234362383475,1.2117267016767201,-0.39526447818730903,-1.035105066136018,-0.7737211329353796,-1.8378678228603167,4.182070308715042,3.4083491757796627,2.3442024858547255,-0.3936306938026401,-0.5308422740166352,1.9520835232403229,1.178362405691916,1.2223317463138461,-100,1.8409397261019684,-100,0.0590927344249,0.0635102527127,0.0547346408444,0.0647868058271,Al,fcc,EAM_Dynamo_Landa_Wynblatt_AlPb__MO_699137396381_002
Ni,EAM_Dynamo_Mishin_NiAl__MO_101214310689_002,3.52000003113,4.449999985170711,1.5063435120513817,0.9413703278753661,1.1296947226007046,0.2824865920880078,43.61420915713946,49.27074191522377,12.32042931141391,1.5723494404659446,1.1898336971488042,1.8848969272641725,2.1293572864967043,3.1361923901976865,-4.455861899837284,4.657964595716432,-8.779937419239541,1.2584609984537556,1.4929040928457245,0.4096851990194917,-0.06041866965846006,0.12194743923474874,-1.264124191157351,3.7753829953612668,3.897330434596016,2.511258804203916,0.4525709596769089,0.1738135470623331,0.633873138908481,0.7558201907588481,1.1430094495214722,-100,1.5385785706853958,-100,0.120837836579,0.127329088065,0.109794147038,0.130265087362,Ni,fcc,EAM_Dynamo_Mishin_NiAl__MO_101214310689_002
Cu,EAM_Dynamo_Mendelev_Kramer_Cu__MO_945691923444_002,3.63908743858,3.283116209154995,1.088997249333131,0.7979026898496387,0.8949342096774696,0.14554727974174614,48.19227987169908,43.128919899534445,7.0142552398787075,1.0487278184893851,0.9929568267839806,3.6141666569867414,3.2344412153111497,4.158617863228382,-1.509221232995913,7.335511596391541,-12.135268065049232,1.2917329465304133,1.1887930351378844,0.08525731808273995,-0.22576863151223717,-0.11100507214943894,-1.92725429847566,3.8751988395912402,3.7641937674418013,1.9479445411155802,0.04757782814832069,-0.007068093441072883,1.2848613053809461,1.1738561820628735,1.4251827746515133,-100,1.9927271564553592,-100,0.067588513481,0.0680344667171,0.0563360529203,0.0720161638596,Cu,fcc,EAM_Dynamo_Mendelev_Kramer_Cu__MO_945691923444_002
Pt,EAM_Dynamo_Zhou_Johnson_Pt__MO_102190350384_002,3.92008088677,5.7699973742124095,103.98948366666026,1.6335356336712323,35.752184978000905,51.17797401649452,60.24001689232991,2153.7122270124783,3082.962019268851,1.5492784962239963,0.7278982195316386,-4.560743024005873,-163.05652830106163,-170.36127155505616,-181.67001093155994,-1.5866703105574271,-1.697154746788803,1.3661122879695873,1.7526716254440657,4.644289775438739,0.4907467661285171,3.576611385538131,3.9353092444947086,4.098336863908762,7.674948249446893,8.03364610840347,0.43778933625167316,-0.31759404889520876,-100,-100,-100,-100,-100,-100,0.135936206277,0.146958820447,0.129988580923,0.149583035691,Pt,fcc,EAM_Dynamo_Zhou_Johnson_Pt__MO_102190350384_002
Al,EAM_Dynamo_Mendelev_Asta_AlMg__MO_658278549784_002,4.04527051002,3.4106569861258027,0.6877068418213284,0.3830298439587489,0.4845888432462753,0.15233849893128973,66.19767028813652,32.07865247052641,10.084453724443156,0.6601741532666818,0.6398120758789656,5.621731044430062,2.724229817704259,2.4738067999979916,-1.8082530998947606,5.404628147681193,-8.64977239958846,1.3975484234338673,1.2269049372910152,-0.3743926338599318,-0.9596423712739054,-0.7244544934683774,-1.8816502674975557,4.192645270301602,3.4681907768332243,2.3109950028040465,-0.4152516101829767,-0.44658077718568756,1.7266396315018537,1.00218575246135,0.9057581787616851,-100,1.6872556508856746,-100,0.0309907296917,0.0334454839023,0.0267020739719,0.036286147088,Al,fcc,EAM_Dynamo_Mendelev_Asta_AlMg__MO_658278549784_002
Cu,EAM_Dynamo_Mendelev_Sordelet_CuZr__MO_120596890176_002,3.6390851295,3.283116232017917,1.106580078669166,0.8023044286924343,0.9037296453513449,0.1521378249883658,48.19218813461318,43.55270909159926,7.33185468423018,1.048731081401151,0.9929762587666146,3.578633752416461,3.234117453658783,4.147885407393959,-1.518298701061073,7.04057190726061,-11.581334467469734,1.2917323120084978,1.1887930421016712,0.10127424903279321,-0.22026715624220616,-0.10122502819560977,-1.882968425634761,3.8751969360254934,3.7739719078298837,1.9922285103907327,0.04758093944815695,-0.00704852381631967,1.2749810941688258,1.173756078880942,1.4225986639957917,-100,1.95168940369721,-100,0.0675885135369,0.0680344616726,0.0563360043916,0.0720161615454,Cu,fcc,EAM_Dynamo_Mendelev_Sordelet_CuZr__MO_120596890176_002
Al,EAM_Dynamo_Mendelev_Kramer_Al__MO_106969701023_002,4.04525974393,3.4106569537190836,0.6621455526867875,0.37153986611320006,0.4684084283043959,0.14530284328679374,66.19714175375724,31.007299127120728,9.618632914279859,0.6601473585589299,0.6397988612329909,5.771942783389264,2.7036269660008454,2.4345489131305746,-1.852200465861558,5.6326670068958204,-9.118418370579647,1.3975457620285794,1.226904927789409,-0.4122698791056489,-0.9900991093752983,-0.7584146536023662,-1.928935140209239,4.192637286085739,3.434222632483372,2.263702145876499,-0.4152921983389911,-0.44660143134796754,1.7530087280747697,0.9945941923032295,0.8897614880923369,-100,1.7285830434653975,-100,0.0309905041033,0.0334453326376,0.0267018784069,0.0362860060918,Al,fcc,EAM_Dynamo_Mendelev_Kramer_Al__MO_106969701023_002
Ni,EAM_Dynamo_Onat_Durukanoglu_CuNi__MO_592013496703_002,3.51999998285,4.449999999999926,1.5416783538495902,0.9236148603583652,1.1296360248554402,0.3090317467456125,43.61420736251392,49.2681798322111,13.478174684163031,1.472134936826008,0.8302494681244887,2.138284298640068,2.4154817985479475,2.1434356597812094,-4.245465470958102,3.449725272236291,-6.887234076932552,1.2584609847378465,1.4929040961781321,0.432871663142954,-0.07946011202711314,0.1218954789404504,-1.1743112670847493,3.7753829542135398,3.8972784331539905,2.6010716871287904,0.3867136851447424,-0.18602905934639719,0.7600037778692541,0.8818987697108839,0.7624099901748862,-100,1.2382945966366756,-100,0.215448151691,0.225429535864,0.2071850821,0.223369542926,Ni,fcc,EAM_Dynamo_Onat_Durukanoglu_CuNi__MO_592013496703_002
Al,EAM_Dynamo_Mendelev_Srolovitz_AlFe__MO_577453891941_002,4.03330182731,3.369705483359035,0.7285396870936994,0.38349449820316145,0.4985095611666741,0.172522594445269,65.6118327834224,32.7081259682051,11.319523618105187,0.6777851676893865,0.7261829361239658,3.5555389266807156,1.7724699736605865,1.881589948530809,-1.865184690200945,4.042635251883716,-6.816158783841335,1.3945853524933327,1.2148253468832144,-0.316713177008229,-0.9584300045537155,-0.6961325098912083,-1.7572270687967395,4.1837560574799975,3.4876235475887896,2.426528988683258,-0.3889249030681176,-0.3199533177663143,1.2685066485815217,0.5723740391737979,0.6321171367281027,-100,1.396896769394585,-100,0.012308961377,0.0159384762122,0.00873120441403,0.0205203345612,Al,fcc,EAM_Dynamo_Mendelev_Srolovitz_AlFe__MO_577453891941_002
Ni,EAM_Dynamo_PurjaPun_Mishin_NiAl__MO_751354403791_002,3.52000003689,4.449999985738258,1.5062116464927595,0.9412686345215856,1.1295829718453103,0.28247150598558696,43.61420937124558,49.265868236255166,12.319771403466438,1.5723494217671106,1.1898336637804232,1.8851224896314305,2.129402505011968,3.1363532752078283,-4.455705349958304,4.658269888343455,-8.780350314448068,1.2584610000901193,1.492904092973263,0.4095976550232714,-0.060526702431509594,0.12184851314367093,-1.264177597250567,3.7753830002703577,3.8972315134140287,2.511205403019791,0.4525709477846198,0.1738135190177572,0.6339928000256181,0.755841426291012,1.1430607476765624,-100,1.5386441106044808,-100,0.120837835892,0.127329087454,0.109794146469,0.130265086963,Ni,fcc,EAM_Dynamo_PurjaPun_Mishin_NiAl__MO_751354403791_002
Al,EAM_Dynamo_Mishin_Farkas_Al__MO_651801486679_002,4.05000466019,3.3599999881833527,0.7102394865077895,0.38417877888718815,0.49286568142738857,0.16303035381030065,66.4303543165633,32.74124184769583,10.830164167972947,0.6779865639129332,0.6302156644303984,8.067559406083952,3.976221522348174,4.73186679894966,-0.5834328195408629,7.435820372373385,-8.865764008053912,1.3987180317819832,1.2119409704582536,-0.34215306088074987,-0.9566472647197857,-0.7075185935268336,-1.813818875817014,4.19615409534595,3.4886355018191164,2.3823352195289362,-0.38862780847566714,-0.4616931936835234,2.0878510085467354,1.3803320021186127,1.554319796723682,-100,2.0063089130818663,-100,0.05889355827,0.0619448152709,0.0543330139192,0.0627905986342,Al,fcc,EAM_Dynamo_Mishin_Farkas_Al__MO_651801486679_002
Cu,EAM_Dynamo_Mishin_Mehl_Cu__MO_346334655118_002,3.61500004445,3.5399999683805334,1.0603112910933192,0.7652350619760849,0.8635938050151631,0.14753811455861715,47.241635117647824,40.79758342638744,6.969941773923916,1.2742947762926562,0.6923994524241299,3.478412618668939,3.0039356047532317,3.6314767831345645,-1.6699327404329987,6.708351491801606,-11.257886392997118,1.285091867906717,1.2641267182136304,0.05856253585388827,-0.26757222179655693,-0.1466527538095911,-1.913668732795536,3.8552756037201505,3.7086228499105593,1.9416068709246146,0.24239290895174379,-0.36759224651787403,1.246576045660384,1.0999232971718675,1.2896393928547645,-100,1.9033532414852672,-100,0.0839638761111,0.0894982700308,0.077361177551,0.0920866825228,Cu,fcc,EAM_Dynamo_Mishin_Mehl_Cu__MO_346334655118_002
Al,EAM_Dynamo_Mishin_Mehl_NiAl__MO_109933561507_002,4.05152635892,3.3621773198738474,0.9054199937052065,0.4876006150083729,0.6268737412406508,0.20890968934841683,66.50526161683635,41.69040216193445,13.893593544408471,1.2623133715267725,0.8751608450700146,0.09332067316619311,0.05850062304482541,-0.9917305299397423,-7.807370720442714,3.7020795586158304,-12.610327960369581,1.399093688863171,1.2125887759732996,-0.09935636149248121,-0.718258620078907,-0.4670101282589389,-1.565853228783836,4.197281066589513,3.730270938330574,2.6314278378056772,0.2329460467070051,-0.133347586580729,-2.3717136183294953,-2.838717874462145,-100,-100,1.3088947046323856,-100,0.0631465418624,0.0694104113183,0.0597601913768,0.0695408955396,Al,fcc,EAM_Dynamo_Mishin_Mehl_NiAl__MO_109933561507_002
Ag,EAM_Dynamo_Ackland_Tichy_Ag__MO_212700056563_002,4.08600010991,2.967443901030152,0.7762612721772432,0.5838141631412436,0.6479631994865768,0.0962235545179998,68.21739356097305,44.202360592403096,6.564120088390139,1.0221418531897701,0.9886769108623293,3.8318579910280315,2.4829028721477915,0.847390675741154,-5.600625628486144,10.498702848012169,-23.00670856644052,1.4075665232945977,1.0877009428681175,-0.2532661245165413,-0.5381725605939048,-0.4339213751583041,-2.341081101821756,4.222699569883793,3.7887781947254893,1.8816184680620376,0.021900281748340567,-0.0113876833786103,1.3433498007131632,0.9094283886235165,-0.16559344422388345,-100,2.35125171124744,-100,0.0474080636761,0.0472683584254,0.038761490904,0.0506253277475,Ag,fcc,EAM_Dynamo_Ackland_Tichy_Ag__MO_212700056563_002
Cu,EAM_Dynamo_Onat_Durukanoglu_CuNi__MO_592013496703_002,3.61500176721,3.540000109157459,1.062443500847631,0.7652128034110541,0.8642897025565798,0.1486153487182884,47.24170265792757,40.830517138486606,7.020842114553598,1.2260770027197825,0.6595027624973004,3.7185948757065246,3.2139427715657245,3.4132375740136816,-1.5403264594407244,6.234813781352746,-10.43091782330422,1.2850923444653803,1.264126757981123,0.0605714447297407,-0.26760130944538935,-0.145847262494936,-1.9063938632148476,3.8552770333961406,3.7094297709012047,1.948883170181293,0.20381964363285066,-0.41626911805825567,1.3133458753460212,1.1674984611722636,1.2276612760615382,-100,1.830148712022429,-100,0.124964674608,0.130685106176,0.116437850902,0.131635865053,Cu,fcc,EAM_Dynamo_Onat_Durukanoglu_CuNi__MO_592013496703_002
Ni,EAM_Dynamo_Zhou_Johnson_Ni__MO_110256178378_002,3.51961838224,4.4499972804611,90.59777369524501,0.888935703272925,30.791881700596957,44.854418995986045,43.600024347739044,1342.5267918587276,1955.6537603286802,1.7115364828478714,0.8750633409297552,-2.6846523158458613,-82.66549694036578,-126.46071956677476,-134.00703578298516,-1.368173852177295,-1.4522939499112546,1.2583525695964048,1.492903485045625,4.50642963984685,-0.11773037086115747,3.427251074086463,3.8034221119898035,3.7750577087892143,7.2023087828756776,7.578479820779018,0.5373914950611601,-0.13345900561051974,-100,-100,-100,-100,-100,-100,0.116787912016,0.126886430006,0.111546492679,0.12869148322,Ni,fcc,EAM_Dynamo_Zhou_Johnson_Ni__MO_110256178378_002
Ag,EAM_Dynamo_Hale_Wong_pairHybrid_PdAgH__MO_104806802344_002,4.08997422159,2.850013602052872,0.7754659169254473,0.5859231136491125,0.6491040480745575,0.09477140163816739,68.41663533669278,44.4095149526881,6.483940426225747,1.1044324392416156,0.653600307741238,5.3830372447395805,3.494151433720008,3.268431627967279,-1.9392495001492156,9.945323411467083,-17.529644103028325,1.4085386672451168,1.0473237669193007,-0.2542912471373642,-0.5345667033902439,-0.43216225452007556,-2.356287585716321,4.22561600173535,3.793453747215275,1.8693284160190293,0.09933157337122778,-0.42525926459612734,1.6832527585107788,1.2510905518488002,1.1843102453777146,-100,2.297102431783917,-100,0.0586971852247,0.0618473904103,0.0538155440861,0.063465938071,Ag,fcc,EAM_Dynamo_Hale_Wong_pairHybrid_PdAgH__MO_104806802344_002
Al,EAM_Dynamo_Mishin_NiAl__MO_101214310689_002,4.04999986638,3.360000022584535,0.7290570733018841,0.3751972616956687,0.49315053223107386,0.1769299058031077,66.43011842489408,32.76004825740978,11.753474595405798,0.7092833153228644,0.6449748523475523,6.927427352676268,3.4162644709143573,2.8810755796074705,-1.5902127951735632,5.151894748963663,-7.483867290487153,1.3987168481258547,1.2119409806967008,-0.31600326018627656,-0.980303360129182,-0.7069408123348737,-1.732001637253752,4.196150544377564,3.4892097320426902,2.4641489071238123,-0.34350023378745187,-0.43854395155488624,1.9354885108975943,1.2285476941573112,1.0581636895685897,-100,1.6393645594325947,-100,0.0378897569759,0.0471448428078,0.037524041983,0.0494719565059,Al,fcc,EAM_Dynamo_Mishin_NiAl__MO_101214310689_002
Ag,EAM_Dynamo_Hale_Wong_pairMorse_PdAgH__MO_108983864770_002,4.08997422159,2.8500136020537528,0.7754672415687052,0.5859244573674356,0.6491053854345255,0.09477139210063479,68.41663533669278,44.40960645035734,6.4839397736998565,1.1044324388329594,0.6536003051912611,5.383034355139095,3.4941558099818124,3.268435463761482,-1.9392441627708132,9.94532278402324,-17.529640050574116,1.4085386672451168,1.0473237669196096,-0.2542895389486513,-0.5345644100572947,-0.4321601942054091,-2.356287686353569,4.22561600173535,3.793455807529941,1.869328315381781,0.09933157300121309,-0.42525926849755896,1.6832522217132184,1.251091804301405,1.1843114189656578,-100,2.2971023686945795,-100,0.0586971851973,0.0618473904026,0.0538155440811,0.0634659380717,Ag,fcc,EAM_Dynamo_Hale_Wong_pairMorse_PdAgH__MO_108983864770_002
Cu,EAM_Dynamo_Williams_Mishin_CuAg__MO_128703483589_002,3.61500003116,3.539999968687158,1.0603435790959816,0.7652655775954961,0.8636249114289912,0.1475390007502428,47.24163459661769,40.79905249426472,6.9699835621930735,1.2742947794244053,0.6923994262809714,3.478246629547251,3.003900479527793,3.631378884455116,-1.6700313392917576,6.708252313860904,-11.257879658330332,1.2850918642303684,1.2641267183002474,0.058592986827423664,-0.2675323451462293,-0.14661673473043768,-1.9136627262868664,3.8552755926911053,3.7086588579606676,1.941612866404239,0.24239291140937694,-0.3675922842752104,1.2465283247311862,1.099911604034789,1.2896124341255992,-100,1.9033384571267007,-100,0.0839638761456,0.0894982705852,0.0773611778783,0.0920866830115,Cu,fcc,EAM_Dynamo_Williams_Mishin_CuAg__MO_128703483589_002
Ag,EAM_Dynamo_Williams_Mishin_Ag__MO_131620013077_002,4.09000014519,2.849999974726826,0.7754381507054483,0.5859129744416267,0.649088033196234,0.0947625881319108,68.4179362862588,44.409263699392966,6.483460717130057,1.1044519813201226,0.6534656789454942,5.383365395495096,3.4942777904427182,3.280709464519081,-1.9275390128370748,9.953397420798286,-17.527108007681708,1.4085450055534874,1.0473189854127787,-0.25432705363317715,-0.5345840082122905,-0.43218692710675255,-2.3563805875707495,4.225635016660462,3.7934480895537095,1.8692544290897124,0.09934926744188675,-0.42546526612564634,1.6833137168023424,1.2511267135437023,1.1880596991648023,-100,2.297913942216407,-100,0.0586968327704,0.0618461573325,0.0538151487431,0.0634650730518,Ag,fcc,EAM_Dynamo_Williams_Mishin_Ag__MO_131620013077_002
Al,EAM_Dynamo_PurjaPun_Mishin_NiAl__MO_751354403791_002,4.04999999459,3.3599999878508906,0.7101941128304485,0.3840909192703284,0.4927919837903684,0.16305159678006007,66.43012473378744,32.73623295100473,10.831537912142604,0.6780014360324295,0.6302273067808118,8.067815454549098,3.9757558714385794,4.730725057985506,-0.5846181897104951,7.434682746461231,-8.864916116159215,1.3987168797826455,1.2119409703593065,-0.3422169479605507,-0.9568759854866036,-0.7076681335542856,-1.8136885836021213,4.196150639347936,3.4884825057936504,2.382462055745815,-0.3886058730020532,-0.4616747202568319,2.0878827460759073,1.3802148863656203,1.554078479970945,-100,2.0061559087207788,-100,0.0588942800824,0.0619455006139,0.0543336617405,0.0627912574294,Al,fcc,EAM_Dynamo_PurjaPun_Mishin_NiAl__MO_751354403791_002
Ag,EAM_Dynamo_Williams_Mishin_CuAg__MO_128703483589_002,4.09000014519,2.849999974720779,0.7754326641227988,0.5859074431285006,0.6490825167932667,0.09476261049714907,68.4179362862588,44.40888627848622,6.483462247313504,1.1044519789286298,0.6534656830154723,5.383406362821011,3.494274667286896,3.2807083456062394,-1.927537903506621,9.953398230716823,-17.52708954784121,1.4085450055534874,1.047318985410657,-0.25433412911953884,-0.5345934487597382,-0.43219542584055515,-2.356380351557402,4.225635016660462,3.793439590819907,1.86925466510306,0.09934926527656601,-0.42546525989734985,1.6833213267576448,1.251125819751793,1.188059358106551,-100,2.297914023587468,-100,0.0586968327716,0.0618461573263,0.0538151487436,0.0634650730483,Ag,fcc,EAM_Dynamo_Williams_Mishin_CuAg__MO_128703483589_002
Cu,EAM_Dynamo_Wu_Trinkle_CuAg__MO_270337113239_002,3.49212758512,3.320666474101886,0.7454021096280724,0.5608259686444937,0.6223513489723533,0.09228807049178933,42.5863390018862,26.503665525617823,3.930211055793311,0.8439076357626549,0.4322459723186405,3.6880917575635572,2.2952888665156466,2.445862957793259,-0.8791637124383969,6.721177245764165,-11.293213430821815,1.250511173713125,1.2001655079931848,-0.2938314617450189,-0.5783446379064523,-0.4742504759913385,-2.3828403929359996,3.751533521139375,3.2772830451480366,1.3686931282033756,-0.16971222667494062,-0.838760472406301,1.305109185418347,0.8308587033546352,0.8943980086280546,-100,1.9052633245734634,-100,0.0635082585516,0.0677627934846,0.0579225112582,0.0704097914939,Cu,fcc,EAM_Dynamo_Wu_Trinkle_CuAg__MO_270337113239_002
Al,EAM_Dynamo_Sturgeon_Laird_Al__MO_120808805541_002,4.05001022851,3.3900019328236444,0.5902929208918614,0.4255147551015898,0.4804408103650137,0.08238908289513577,66.43062832067697,31.91598490344307,5.47315854348821,0.8865216502788957,0.5575637270632547,3.301210814923756,1.5860363666266477,1.7036760210930546,-1.9946151609202531,7.808075414740154,-14.635984008089734,1.398719406673283,1.2208304915466637,-0.5271363891979476,-0.8544556544804268,-0.7330512415829796,-2.4963023399808737,4.19615822001985,3.46310697843687,1.6998558800389758,-0.12044973156767556,-0.5841784735469565,1.194289314789355,0.46123805272697826,0.5327882818638986,-100,2.055158507714269,-100,0.0424544341706,0.0446147782737,0.0385517329428,0.0460739500968,Al,fcc,EAM_Dynamo_Sturgeon_Laird_Al__MO_120808805541_002
Ni,EAM_Dynamo_Ackland_Tichy_Ni__MO_977363131043_002,3.52422037167,4.458997437238581,1.6305328945928939,0.941482213463767,1.1711657738401426,0.3445253405645634,43.771272444422266,51.26341616433952,15.08031254585887,1.421673201236863,0.8118962593561322,1.4754582068414432,1.7280055754920176,1.5811434415969887,-4.965204198597722,2.995799806574899,-6.504747898976792,1.2596592406448377,1.4949239509061256,0.4889068905870599,-0.060299822764105775,0.1579996406422894,-1.0655876337167705,3.7789777219345133,3.9369773625768025,2.713390088217743,0.3518344886801132,-0.20838270639601847,0.3889685902565275,0.5469678969345391,0.45814828250960515,-100,1.0972112431870542,-100,0.0906923020647,0.0990867775522,0.0850283100663,0.102931981425,Ni,fcc,EAM_Dynamo_Ackland_Tichy_Ni__MO_977363131043_002
Al,EAM_Dynamo_Vailhe_Farkas_CoAl__MO_284963179498_002,4.04969652717,3.368458048778189,0.5901178711326448,0.49005227789171757,0.5234074756386934,0.050032796620463615,66.41519297965328,34.762208501536996,3.3229378428598357,0.6348426250060162,0.3034678213293212,6.828910227801803,3.574302707664648,2.633646121262025,-0.8724922268332495,12.612414950628326,-22.425988837549077,1.398641946747975,1.214455087363941,-0.5274329804553005,-0.7132432039934589,-0.6473950061476368,-2.995076556174357,4.195925840243925,3.548530834096288,1.2008492840695681,-0.45437814544171895,-1.192479699377726,1.9211651041613709,1.2737701103147774,0.9683692439771391,-100,2.534681642396601,-100,0.0536128841385,0.0587055450904,0.051674889884,0.0601547659852,Al,fcc,EAM_Dynamo_Vailhe_Farkas_CoAl__MO_284963179498_002
Cu,EAM_Dynamo_Zhou_Johnson_Cu__MO_127245782811_002,3.61495904379,3.539994660199783,37.70809819741507,0.7627850387871704,13.07788942499647,18.47265657931395,47.24002771828917,617.7998589335541,872.6488088372278,1.2813348787338241,0.5549914162859805,-3.281253503838763,-42.91187048287834,-54.681044154499844,-60.81716169615147,-1.3904984737583996,-1.5565849680741712,1.2850805260278764,1.264125218726405,3.6298748776838776,-0.2707790189941435,2.5709229740640733,2.9162916159914163,3.855241578083629,6.426164552147703,6.771533194075046,0.24790240852700102,-0.5888026315066912,-100,-100,-100,-100,-100,-100,0.0975593897103,0.106460569831,0.0936941169025,0.10876825582,Cu,fcc,EAM_Dynamo_Zhou_Johnson_Cu__MO_127245782811_002
Ag,EAM_Dynamo_Wu_Trinkle_CuAg__MO_270337113239_002,4.09006921936,2.8499968978218226,0.722744326881502,0.5504178426865297,0.6078600040848539,0.08616324209748616,68.42140278391788,41.59063417572376,5.8954098927203304,1.1046128352595481,0.6532546406783719,5.713610601131574,3.4730752466332593,3.5199971588157837,-1.7312116891791123,11.127876411019523,-19.344563834856892,1.4085618939604,1.0473179057963957,-0.3246997474675747,-0.5970775752166972,-0.49781067996843903,-2.4515116180410423,4.2256856818812,3.727875001912761,1.774174063840158,0.09949489824321281,-0.42578827062138713,1.7428511532770015,1.2450404397043837,1.258460182455073,-100,2.4094533484325384,-100,0.0586971299372,0.0618460367249,0.0538152600913,0.0634649089871,Ag,fcc,EAM_Dynamo_Wu_Trinkle_CuAg__MO_270337113239_002
Ni,EAM_Dynamo_Angelo_Moody_NiAlH__MO_418978237058_002,3.52000034049,4.45000001259376,1.5398749686636617,0.9205034836696978,1.1269606453343524,0.30968574249698194,43.61422065642312,49.151510256717444,13.5067023074116,1.5932608436613076,0.8682840315939773,1.9461579258494557,2.1932436569233147,2.113414431954951,-5.0899742302496565,3.7916190911416883,-7.838540957428476,1.2584610863401147,1.4929040990082072,0.4317012239500775,-0.08283449377548383,0.1195243146026321,-1.17219722955936,3.7753832590203444,3.8949075736229766,2.6031860294609843,0.46578276119024026,-0.14123639250963801,0.6658571345560221,0.7853815699320406,0.7483048537868237,-100,1.3327931286989823,-100,0.128574359729,0.141267323589,0.120403295757,0.146783552671,Ni,fcc,EAM_Dynamo_Angelo_Moody_NiAlH__MO_418978237058_002
Al,EAM_Dynamo_Winey_Kubota_Al__MO_149316865608_002,4.02484538405,2.645979617159519,0.7099978741295728,0.3851605502520839,0.49343965821124686,0.16241866193874446,65.20000128858746,32.17226635121345,10.58969696769679,0.6639239568196441,0.43157271743222037,7.9200740410691335,3.908078451761958,3.5997959851248735,-1.5711800953936026,6.573608375273132,-9.345056915616604,1.3924864962320727,0.9730413623976057,-0.3424933031349588,-0.9540950179785997,-0.7063547007127416,-1.817577944440686,4.177459488696218,3.4711047879834767,2.3598815442555323,-0.40958765892592863,-0.8403192602184478,2.0694005544024763,1.3630458086366577,1.2808771730575677,-100,1.8830629017111153,-100,0.0569363654285,0.0632154153625,0.0546477338891,0.0653211871102,Al,fcc,EAM_Dynamo_Winey_Kubota_Al__MO_149316865608_002
Au,EAM_Dynamo_Ackland_Tichy_Au__MO_104891429740_002,4.0780001097,3.7890452932133827,1.1643187630046443,0.9806127749697481,1.0418481043147134,0.09185299401744812,67.81748802496078,70.65552133819116,6.229239321835082,0.9629499546510509,0.909341176164008,4.37666345699404,4.559819130814995,1.0239342116212349,-5.38747449816811,11.277293578391522,-23.623053303519725,1.4056066990527043,1.3321140858350042,0.15213616319736212,-0.019577622142594914,0.0409961594947803,-2.387565871037372,4.216820097158113,4.257816256652894,1.8292542261207414,-0.037753836705690366,-0.09503492391029572,1.476286666286244,1.5172829584446885,0.023652278089785785,-100,2.4227912862882075,-100,0.0480922462695,0.0471964717139,0.0388293159746,0.0508289135983,Au,fcc,EAM_Dynamo_Ackland_Tichy_Au__MO_104891429740_002
Ag,EAM_Dynamo_Zhou_Johnson_Ag__MO_947112899505_002,4.08964265274,2.8499995142306074,12.596780546298026,0.5780294452767891,4.584279812283868,6.009375550510619,68.39999734469734,313.5647269875662,411.04127169821544,1.1007062066974767,0.5965272462356137,-2.7653818431497994,-12.677284014045846,-20.346521733220357,-25.826411693947904,-1.460278220130256,-1.916223255154828,1.4084575952694298,1.0473188238351436,2.5334412691100594,-0.5481304682218815,1.52263301862365,1.7933208414036346,4.22537278580829,5.74800580443194,6.018693627211924,0.09595197989519424,-0.5166303616463931,-100,-100,-100,-100,-100,-100,0.0610247273705,0.0653702360105,0.0565475797982,0.0675838350321,Ag,fcc,EAM_Dynamo_Zhou_Johnson_Ag__MO_947112899505_002
Ni,EAM_Dynamo_Bonny_Pasianot_FeCuNi__MO_469343973171_002,3.5200009501,4.450261609786289,1.524112947296538,0.9271449236674736,1.1261342648771617,0.2984840118145322,43.614243316366654,49.11549383525023,13.018154317324267,1.5606036328577557,0.9785900970735056,1.837057993479665,2.068774477333668,1.6284021188978963,-6.277885969817628,4.116613094379588,-9.127459740413503,1.258461259524742,1.49296288316618,0.4214125669175695,-0.07564538942464692,0.11879076317477044,-1.2090389093443237,3.775383778574226,3.8941745417489964,2.5663448692299022,0.44507269055745535,-0.02164241966175616,0.6081653754024315,0.7269563920170061,0.48759923886046574,-100,1.4150307608101687,-100,0.109535534165,0.119163852572,0.101345779911,0.123434897838,Ni,fcc,EAM_Dynamo_Bonny_Pasianot_FeCuNi__MO_469343973171_002
Cu,EAM_QuinticClampedSpline_Cai_Ye_AlCu__MO_246347493730_000,3.62072397054,3.525583181711283,1.15713196962561,0.9015794527348929,0.9867636250317986,0.1277762584453585,47.46639529110068,46.838112284638804,6.065078392185229,1.2727273452387602,0.6625864283744021,3.287516312079827,3.244000726207915,3.66972808230583,-1.2016683641015031,7.045197404164307,-12.017018283449161,1.2866739977038517,1.2600458642004986,0.1459445036132929,-0.10360710629566151,-0.013324756546875184,-2.0574745254593814,3.860021993111555,3.8466972365646797,1.8025474676521736,0.24116211379019803,-0.4116042717070289,1.19013235934095,1.1768073601150142,1.3001175673067698,-100,1.9523461654214287,-100,0.0776076925372,0.0826811571552,0.0736077908754,0.0834186799997,Cu,fcc,EAM_QuinticClampedSpline_Cai_Ye_AlCu__MO_246347493730_000
Al,EAM_Dynamo_Zhou_Johnson_Al__MO_131650261510_002,4.05018068435,3.580002471520067,62.487187637145865,0.3880564660955126,21.08776685644563,31.049565585525176,66.43901642181756,1401.0504884748511,2062.9025978270083,0.6601558670730239,0.30389893525957284,-4.292810474587678,-90.52578625891462,-113.95060844258512,-121.0026857425943,-1.8005152974720082,-1.914076902912805,1.398761493543052,1.2753634907811044,4.134961537921767,-0.9466044187734961,3.0486931025138007,3.4355848174772734,4.1962844806291555,7.244977583142957,7.6318692981064284,-0.41527930961172166,-1.191060082653639,-100,-100,-100,-100,-100,-100,0.0575309743566,0.0636631987056,0.0566731846904,0.0643567813423,Al,fcc,EAM_Dynamo_Zhou_Johnson_Al__MO_131650261510_002
Au,EAM_Dynamo_Zhou_Johnson_Au__MO_468407568810_002,4.08005430125,3.930005220490805,8.795342652376808,0.9861187001775539,3.5891933509106386,3.9046119760996274,67.92002379707532,243.77809780615507,265.20133833503195,0.9970582403190138,0.5953897586489421,-1.7796905511750305,-6.387653505743831,-7.889716632051877,-12.693408340751322,-0.6763938530072816,-1.291524336920041,1.4061102974574065,1.3686407542494492,2.174222337337006,-0.013978546049651076,1.277927483913202,1.3621584124389412,4.21833089237222,5.496258376285422,5.58048930481116,-0.0029460951607105054,-0.5185390313395585,-100,-100,-100,-100,-100,-100,0.0634178338949,0.0658020244614,0.0566406984945,0.0692061435886,Au,fcc,EAM_Dynamo_Zhou_Johnson_Au__MO_468407568810_002
Al,EAM_Dynamo_Zope_Mishin_Al__MO_664470114311_002,4.04999993669,3.3600000229044444,0.7290933990097727,0.3752148940479955,0.49317439570192123,0.17693925248088857,66.43012188467323,32.761635216878695,11.754096108488397,0.7092834057246308,0.6449748178053053,6.927246435362299,3.4163405851708255,2.8813489683395574,-1.5899531577933925,5.151821382475665,-7.48331204168046,1.3987168654863489,1.2119409807919117,-0.31595343582509317,-0.9802563663479775,-0.7068924236747554,-1.7319488116397403,4.196150596459047,3.4892581727842913,2.4642017848193065,-0.3435001063323734,-0.43854400511084696,1.935462394466887,1.2285699738751776,1.0582585762712329,-100,1.639350318650519,-100,0.0378897599042,0.0471448460943,0.0375240464071,0.0494719608034,Al,fcc,EAM_Dynamo_Zope_Mishin_Al__MO_664470114311_002
Cu,EAM_Dynamo_Ackland_Tichy_Cu__MO_179025990738_002,3.61500009724,3.519353026399475,1.0543870328741358,0.7578717239216866,0.8567101602391697,0.14825765447622463,47.24163718726269,40.472390564660536,7.003934323000356,1.1897500150670663,0.9809458672372857,2.6443018144812775,2.2653998136961175,2.040540667751658,-4.109806967541974,6.910319028466876,-13.831825640623244,1.2850918825097595,1.25827717339851,0.05295958658173509,-0.2772411373154862,-0.15465562034256802,-1.9088036102198325,3.855275647529278,3.70062002718671,1.9464720373094457,0.17374321368314352,-0.019238002144933788,0.9724070661862703,0.8177512615456265,0.7132148059526248,-100,1.9330158058117746,-100,0.0713078144977,0.0718231965128,0.058997484719,0.0768480814167,Cu,fcc,EAM_Dynamo_Ackland_Tichy_Cu__MO_179025990738_002
Ni,EAM_Dynamo_Bonny_Pasianot_FeNi__MO_267721408934_002,3.5200009501,4.450261609786289,1.524112947296538,0.9271449236674736,1.1261342648771617,0.2984840118145322,43.614243316366654,49.11549383525023,13.018154317324267,1.5606036328577557,0.9785900970891912,1.837057993479665,2.068774477333668,1.6284022610201854,-6.27788623116552,4.116613311839407,-9.127460198819325,1.258461259524742,1.49296288316618,0.4214125669175695,-0.07564538942464692,0.11879076317477044,-1.2090389093443237,3.775383778574226,3.8941745417489964,2.5663448692299022,0.44507269055745535,-0.021642419645727422,0.6081653754024315,0.7269563920170061,0.48759932613760765,-100,1.4150308136351024,-100,0.109535533966,0.119163853097,0.101345780342,0.123434897942,Ni,fcc,EAM_Dynamo_Bonny_Pasianot_FeNi__MO_267721408934_002
Al,EAM_Dynamo_Zope_Mishin_TiAl__MO_117656786760_002,4.04999945569,3.3600000285924128,0.7290979491224283,0.37523881900686423,0.49319186237871887,0.17692956505778204,66.43009821586928,32.76278385708578,11.753448384079494,0.7092829522835553,0.6449750755022845,6.926606173908995,3.416146022057803,2.880981601812519,-1.5903238166721958,5.15177289545213,-7.4840611261496495,1.3987167467209078,1.2119409824847596,-0.31594719506298535,-0.9801926050300959,-0.7068570074657025,-1.7320035631331119,4.196150240162724,3.489293232697021,2.464146677029612,-0.343500745627212,-0.43854360556512734,1.9353699636504464,1.2285130215167583,1.0581310700398343,-100,1.6393409069787803,-100,0.0378897480148,0.0471448336076,0.0375240282133,0.0494719464519,Al,fcc,EAM_Dynamo_Zope_Mishin_TiAl__MO_117656786760_002
Cu,EAM_Dynamo_Bonny_Pasianot_FeCuNi__MO_469343973171_002,3.61492507696,3.540218330215783,1.0602729746251454,0.7651019539672601,0.8634922941865552,0.14758551032894263,47.238696102444365,40.79025007188117,6.971747071553085,1.2742894648056966,0.6924365275291793,3.4774915279852956,3.002787167797474,3.629020761611721,-1.6718332249217347,6.705008480419601,-11.253576539790103,1.2850711297970563,1.2641884004460446,0.05852639820182939,-0.26774618087586266,-0.1467703053650947,-1.9133475401377065,3.855213389391169,3.7084430840260745,1.9418658492534626,0.2423887407654434,-0.3675387021189778,1.246311208575339,1.0995409132952554,1.2889628492428737,-100,1.9028547815232375,-100,0.0839682367462,0.0895032711461,0.0773651386737,0.0920920633231,Cu,fcc,EAM_Dynamo_Bonny_Pasianot_FeCuNi__MO_469343973171_002